image_name;image_id;class_name;country_code;count;category_id
c6fe0cba-92d4-11e9-ac1e-000d3a74c7de.jpg;c6fe0cba-92d4-11e9-ac1e-000d3a74c7de;psophia leucoptera;bol;1;1
c6fea8fa-92d4-11e9-a58a-000d3a74c7de.jpg;c6fea8fa-92d4-11e9-a58a-000d3a74c7de;psophia leucoptera;bol;1;1
c6fea8fc-92d4-11e9-8c7a-000d3a74c7de.jpg;c6fea8fc-92d4-11e9-8c7a-000d3a74c7de;psophia leucoptera;bol;1;1
c6fed00c-92d4-11e9-97a0-000d3a74c7de.jpg;c6fed00c-92d4-11e9-97a0-000d3a74c7de;psophia leucoptera;bol;1;1
c6fed00e-92d4-11e9-97d9-000d3a74c7de.jpg;c6fed00e-92d4-11e9-97d9-000d3a74c7de;psophia leucoptera;bol;1;1
c6fed010-92d4-11e9-b4b0-000d3a74c7de.jpg;c6fed010-92d4-11e9-b4b0-000d3a74c7de;psophia leucoptera;bol;1;1
c6fef724-92d4-11e9-8fa8-000d3a74c7de.jpg;c6fef724-92d4-11e9-8fa8-000d3a74c7de;psophia leucoptera;bol;1;1
c6fef726-92d4-11e9-927f-000d3a74c7de.jpg;c6fef726-92d4-11e9-927f-000d3a74c7de;psophia leucoptera;bol;1;1
c6fef728-92d4-11e9-bfe2-000d3a74c7de.jpg;c6fef728-92d4-11e9-bfe2-000d3a74c7de;psophia leucoptera;bol;1;1
c6ff1e46-92d4-11e9-913d-000d3a74c7de.jpg;c6ff1e46-92d4-11e9-913d-000d3a74c7de;psophia leucoptera;bol;1;1
c6ff1e48-92d4-11e9-b4a8-000d3a74c7de.jpg;c6ff1e48-92d4-11e9-b4a8-000d3a74c7de;psophia leucoptera;bol;1;1
c6ff1e4a-92d4-11e9-be2b-000d3a74c7de.jpg;c6ff1e4a-92d4-11e9-be2b-000d3a74c7de;psophia leucoptera;bol;1;1
c6ff1e4c-92d4-11e9-a390-000d3a74c7de.jpg;c6ff1e4c-92d4-11e9-a390-000d3a74c7de;psophia leucoptera;bol;1;1
c6ff4541-92d4-11e9-93c4-000d3a74c7de.jpg;c6ff4541-92d4-11e9-93c4-000d3a74c7de;psophia leucoptera;bol;1;1
c6ff4543-92d4-11e9-982b-000d3a74c7de.jpg;c6ff4543-92d4-11e9-982b-000d3a74c7de;psophia leucoptera;bol;1;1
c6ff4545-92d4-11e9-8a62-000d3a74c7de.jpg;c6ff4545-92d4-11e9-8a62-000d3a74c7de;psophia leucoptera;bol;1;1
c6ff6c52-92d4-11e9-a29e-000d3a74c7de.jpg;c6ff6c52-92d4-11e9-a29e-000d3a74c7de;psophia leucoptera;bol;1;1
c6ff6c54-92d4-11e9-9879-000d3a74c7de.jpg;c6ff6c54-92d4-11e9-9879-000d3a74c7de;psophia leucoptera;bol;1;1
c6ff6c56-92d4-11e9-b211-000d3a74c7de.jpg;c6ff6c56-92d4-11e9-b211-000d3a74c7de;psophia leucoptera;bol;1;1
c6ff6c58-92d4-11e9-b1c4-000d3a74c7de.jpg;c6ff6c58-92d4-11e9-b1c4-000d3a74c7de;psophia leucoptera;bol;1;1
c6ff9363-92d4-11e9-9029-000d3a74c7de.jpg;c6ff9363-92d4-11e9-9029-000d3a74c7de;psophia leucoptera;bol;1;1
c6ff9365-92d4-11e9-a78b-000d3a74c7de.jpg;c6ff9365-92d4-11e9-a78b-000d3a74c7de;psophia leucoptera;bol;1;1
c6ff9367-92d4-11e9-8a75-000d3a74c7de.jpg;c6ff9367-92d4-11e9-8a75-000d3a74c7de;psophia leucoptera;bol;1;1
c6ffba76-92d4-11e9-9a13-000d3a74c7de.jpg;c6ffba76-92d4-11e9-9a13-000d3a74c7de;psophia leucoptera;bol;1;1
c6ffba78-92d4-11e9-968e-000d3a74c7de.jpg;c6ffba78-92d4-11e9-968e-000d3a74c7de;psophia leucoptera;bol;1;1
c6ffba7a-92d4-11e9-9b1b-000d3a74c7de.jpg;c6ffba7a-92d4-11e9-9b1b-000d3a74c7de;psophia leucoptera;bol;1;1
c6ffe180-92d4-11e9-9bd0-000d3a74c7de.jpg;c6ffe180-92d4-11e9-9bd0-000d3a74c7de;psophia leucoptera;bol;1;1
c6ffe182-92d4-11e9-8eb8-000d3a74c7de.jpg;c6ffe182-92d4-11e9-8eb8-000d3a74c7de;tayassu pecari;bol;1;2
c6ffe184-92d4-11e9-8d62-000d3a74c7de.jpg;c6ffe184-92d4-11e9-8d62-000d3a74c7de;dasyprocta punctata;bol;1;3
c6ffe186-92d4-11e9-ba92-000d3a74c7de.jpg;c6ffe186-92d4-11e9-ba92-000d3a74c7de;dasyprocta punctata;bol;1;3
c7000891-92d4-11e9-9506-000d3a74c7de.jpg;c7000891-92d4-11e9-9506-000d3a74c7de;cuniculus paca;bol;1;4
c7000893-92d4-11e9-8f3d-000d3a74c7de.jpg;c7000893-92d4-11e9-8f3d-000d3a74c7de;sciurus spadiceus;bol;1;5
c7000895-92d4-11e9-b18c-000d3a74c7de.jpg;c7000895-92d4-11e9-b18c-000d3a74c7de;tayassu pecari;bol;1;2
c7002f9c-92d4-11e9-a657-000d3a74c7de.jpg;c7002f9c-92d4-11e9-a657-000d3a74c7de;tayassu pecari;bol;1;2
c7002f9e-92d4-11e9-9f56-000d3a74c7de.jpg;c7002f9e-92d4-11e9-9f56-000d3a74c7de;tayassu pecari;bol;1;2
c7002fa0-92d4-11e9-b00a-000d3a74c7de.jpg;c7002fa0-92d4-11e9-b00a-000d3a74c7de;tayassu pecari;bol;1;2
c70056b0-92d4-11e9-affb-000d3a74c7de.jpg;c70056b0-92d4-11e9-affb-000d3a74c7de;tayassu pecari;bol;1;2
c70056b2-92d4-11e9-94f3-000d3a74c7de.jpg;c70056b2-92d4-11e9-94f3-000d3a74c7de;tayassu pecari;bol;1;2
c70056b4-92d4-11e9-bbfd-000d3a74c7de.jpg;c70056b4-92d4-11e9-bbfd-000d3a74c7de;tayassu pecari;bol;1;2
c70056b6-92d4-11e9-a19b-000d3a74c7de.jpg;c70056b6-92d4-11e9-a19b-000d3a74c7de;tayassu pecari;bol;1;2
c7007dc3-92d4-11e9-8828-000d3a74c7de.jpg;c7007dc3-92d4-11e9-8828-000d3a74c7de;tayassu pecari;bol;1;2
c7007dc5-92d4-11e9-9625-000d3a74c7de.jpg;c7007dc5-92d4-11e9-9625-000d3a74c7de;tayassu pecari;bol;1;2
c7007dc7-92d4-11e9-895c-000d3a74c7de.jpg;c7007dc7-92d4-11e9-895c-000d3a74c7de;puma concolor;bol;1;6
c700a4ca-92d4-11e9-80fc-000d3a74c7de.jpg;c700a4ca-92d4-11e9-80fc-000d3a74c7de;tapirus terrestris;bol;1;7
c700a4cc-92d4-11e9-8331-000d3a74c7de.jpg;c700a4cc-92d4-11e9-8331-000d3a74c7de;tapirus terrestris;bol;1;7
c700a4ce-92d4-11e9-a75a-000d3a74c7de.jpg;c700a4ce-92d4-11e9-a75a-000d3a74c7de;pecari tajacu;bol;1;8
c700cbda-92d4-11e9-aa1d-000d3a74c7de.jpg;c700cbda-92d4-11e9-aa1d-000d3a74c7de;pecari tajacu;bol;1;8
c700cbdc-92d4-11e9-b7f4-000d3a74c7de.jpg;c700cbdc-92d4-11e9-b7f4-000d3a74c7de;tayassu pecari;bol;1;2
c700cbde-92d4-11e9-9cb1-000d3a74c7de.jpg;c700cbde-92d4-11e9-9cb1-000d3a74c7de;tayassu pecari;bol;1;2
c700cbe0-92d4-11e9-bef5-000d3a74c7de.jpg;c700cbe0-92d4-11e9-bef5-000d3a74c7de;tayassu pecari;bol;1;2
c700f2ee-92d4-11e9-87a4-000d3a74c7de.jpg;c700f2ee-92d4-11e9-87a4-000d3a74c7de;tayassu pecari;bol;1;2
c700f2f0-92d4-11e9-8348-000d3a74c7de.jpg;c700f2f0-92d4-11e9-8348-000d3a74c7de;tayassu pecari;bol;1;2
c700f2f2-92d4-11e9-a4dc-000d3a74c7de.jpg;c700f2f2-92d4-11e9-a4dc-000d3a74c7de;tayassu pecari;bol;1;2
c7011a00-92d4-11e9-bc16-000d3a74c7de.jpg;c7011a00-92d4-11e9-bc16-000d3a74c7de;tayassu pecari;bol;1;2
c7011a02-92d4-11e9-a81f-000d3a74c7de.jpg;c7011a02-92d4-11e9-a81f-000d3a74c7de;tayassu pecari;bol;1;2
c7011a04-92d4-11e9-91db-000d3a74c7de.jpg;c7011a04-92d4-11e9-91db-000d3a74c7de;tayassu pecari;bol;1;2
c7011a06-92d4-11e9-af02-000d3a74c7de.jpg;c7011a06-92d4-11e9-af02-000d3a74c7de;tayassu pecari;bol;1;2
c701410b-92d4-11e9-ae73-000d3a74c7de.jpg;c701410b-92d4-11e9-ae73-000d3a74c7de;tayassu pecari;bol;1;2
c701410d-92d4-11e9-a6bb-000d3a74c7de.jpg;c701410d-92d4-11e9-a6bb-000d3a74c7de;tayassu pecari;bol;1;2
c701410f-92d4-11e9-9fc0-000d3a74c7de.jpg;c701410f-92d4-11e9-9fc0-000d3a74c7de;tayassu pecari;bol;1;2
c701681c-92d4-11e9-b8cb-000d3a74c7de.jpg;c701681c-92d4-11e9-b8cb-000d3a74c7de;tayassu pecari;bol;1;2
c701681e-92d4-11e9-bcae-000d3a74c7de.jpg;c701681e-92d4-11e9-bcae-000d3a74c7de;tayassu pecari;bol;1;2
c7016820-92d4-11e9-8c4e-000d3a74c7de.jpg;c7016820-92d4-11e9-8c4e-000d3a74c7de;mazama americana;bol;1;9
c7018f34-92d4-11e9-af3d-000d3a74c7de.jpg;c7018f34-92d4-11e9-af3d-000d3a74c7de;mazama americana;bol;1;9
c7018f36-92d4-11e9-a95d-000d3a74c7de.jpg;c7018f36-92d4-11e9-a95d-000d3a74c7de;mazama americana;bol;1;9
c7018f38-92d4-11e9-b667-000d3a74c7de.jpg;c7018f38-92d4-11e9-b667-000d3a74c7de;tayassu pecari;bol;1;2
c7018f3a-92d4-11e9-8828-000d3a74c7de.jpg;c7018f3a-92d4-11e9-8828-000d3a74c7de;tayassu pecari;bol;1;2
c701b647-92d4-11e9-becf-000d3a74c7de.jpg;c701b647-92d4-11e9-becf-000d3a74c7de;tayassu pecari;bol;1;2
c701b649-92d4-11e9-8e67-000d3a74c7de.jpg;c701b649-92d4-11e9-8e67-000d3a74c7de;tayassu pecari;bol;1;2
c701b64b-92d4-11e9-9957-000d3a74c7de.jpg;c701b64b-92d4-11e9-9957-000d3a74c7de;tayassu pecari;bol;1;2
c701dd54-92d4-11e9-908e-000d3a74c7de.jpg;c701dd54-92d4-11e9-908e-000d3a74c7de;tayassu pecari;bol;1;2
c701dd56-92d4-11e9-99cf-000d3a74c7de.jpg;c701dd56-92d4-11e9-99cf-000d3a74c7de;tayassu pecari;bol;1;2
c701dd58-92d4-11e9-ba44-000d3a74c7de.jpg;c701dd58-92d4-11e9-ba44-000d3a74c7de;psophia leucoptera;bol;1;1
c702045e-92d4-11e9-8d16-000d3a74c7de.jpg;c702045e-92d4-11e9-8d16-000d3a74c7de;psophia leucoptera;bol;1;1
c7020460-92d4-11e9-8c10-000d3a74c7de.jpg;c7020460-92d4-11e9-8c10-000d3a74c7de;psophia leucoptera;bol;1;1
c7020462-92d4-11e9-99ab-000d3a74c7de.jpg;c7020462-92d4-11e9-99ab-000d3a74c7de;psophia leucoptera;bol;1;1
c7020464-92d4-11e9-9be9-000d3a74c7de.jpg;c7020464-92d4-11e9-9be9-000d3a74c7de;psophia leucoptera;bol;1;1
c7022be4-92d4-11e9-b19c-000d3a74c7de.jpg;c7022be4-92d4-11e9-b19c-000d3a74c7de;tayassu pecari;bol;1;2
c7022be6-92d4-11e9-bf1e-000d3a74c7de.jpg;c7022be6-92d4-11e9-bf1e-000d3a74c7de;tayassu pecari;bol;1;2
c7022be8-92d4-11e9-8e5c-000d3a74c7de.jpg;c7022be8-92d4-11e9-8e5c-000d3a74c7de;dasyprocta punctata;bol;1;3
c702527e-92d4-11e9-a756-000d3a74c7de.jpg;c702527e-92d4-11e9-a756-000d3a74c7de;leopardus pardalis;bol;1;10
c7025280-92d4-11e9-898b-000d3a74c7de.jpg;c7025280-92d4-11e9-898b-000d3a74c7de;tayassu pecari;bol;1;2
c7025282-92d4-11e9-b571-000d3a74c7de.jpg;c7025282-92d4-11e9-b571-000d3a74c7de;tayassu pecari;bol;1;2
c7025284-92d4-11e9-930f-000d3a74c7de.jpg;c7025284-92d4-11e9-930f-000d3a74c7de;tayassu pecari;bol;1;2
c7027991-92d4-11e9-9628-000d3a74c7de.jpg;c7027991-92d4-11e9-9628-000d3a74c7de;tayassu pecari;bol;1;2
c7027993-92d4-11e9-ac9c-000d3a74c7de.jpg;c7027993-92d4-11e9-ac9c-000d3a74c7de;tayassu pecari;bol;1;2
c7027995-92d4-11e9-a547-000d3a74c7de.jpg;c7027995-92d4-11e9-a547-000d3a74c7de;psophia leucoptera;bol;1;1
c702a09c-92d4-11e9-9d4e-000d3a74c7de.jpg;c702a09c-92d4-11e9-9d4e-000d3a74c7de;psophia leucoptera;bol;1;1
c702a09e-92d4-11e9-8c04-000d3a74c7de.jpg;c702a09e-92d4-11e9-8c04-000d3a74c7de;psophia leucoptera;bol;1;1
c702a0a0-92d4-11e9-89e6-000d3a74c7de.jpg;c702a0a0-92d4-11e9-89e6-000d3a74c7de;tayassu pecari;bol;1;2
c702c7b0-92d4-11e9-94e6-000d3a74c7de.jpg;c702c7b0-92d4-11e9-94e6-000d3a74c7de;tayassu pecari;bol;1;2
c702c7b2-92d4-11e9-b0ef-000d3a74c7de.jpg;c702c7b2-92d4-11e9-b0ef-000d3a74c7de;mitu tuberosum;bol;1;11
c702c7b4-92d4-11e9-9597-000d3a74c7de.jpg;c702c7b4-92d4-11e9-9597-000d3a74c7de;mitu tuberosum;bol;1;11
c702c7b6-92d4-11e9-9942-000d3a74c7de.jpg;c702c7b6-92d4-11e9-9942-000d3a74c7de;mitu tuberosum;bol;1;11
c702eec0-92d4-11e9-aa3f-000d3a74c7de.jpg;c702eec0-92d4-11e9-aa3f-000d3a74c7de;mitu tuberosum;bol;1;11
c702eec2-92d4-11e9-84b8-000d3a74c7de.jpg;c702eec2-92d4-11e9-84b8-000d3a74c7de;mitu tuberosum;bol;1;11
c702eec4-92d4-11e9-a8a0-000d3a74c7de.jpg;c702eec4-92d4-11e9-a8a0-000d3a74c7de;mitu tuberosum;bol;1;11
c70315d0-92d4-11e9-89e0-000d3a74c7de.jpg;c70315d0-92d4-11e9-89e0-000d3a74c7de;mitu tuberosum;bol;1;11
c70315d2-92d4-11e9-a739-000d3a74c7de.jpg;c70315d2-92d4-11e9-a739-000d3a74c7de;mitu tuberosum;bol;1;11
c70315d4-92d4-11e9-845d-000d3a74c7de.jpg;c70315d4-92d4-11e9-845d-000d3a74c7de;mitu tuberosum;bol;1;11
c70315d6-92d4-11e9-bef0-000d3a74c7de.jpg;c70315d6-92d4-11e9-bef0-000d3a74c7de;mitu tuberosum;bol;1;11
c7033ce3-92d4-11e9-baed-000d3a74c7de.jpg;c7033ce3-92d4-11e9-baed-000d3a74c7de;mitu tuberosum;bol;1;11
c7033ce5-92d4-11e9-91d7-000d3a74c7de.jpg;c7033ce5-92d4-11e9-91d7-000d3a74c7de;mitu tuberosum;bol;1;11
c7033ce7-92d4-11e9-89d6-000d3a74c7de.jpg;c7033ce7-92d4-11e9-89d6-000d3a74c7de;mitu tuberosum;bol;1;11
c70363ee-92d4-11e9-8e6d-000d3a74c7de.jpg;c70363ee-92d4-11e9-8e6d-000d3a74c7de;mitu tuberosum;bol;1;11
c70363f0-92d4-11e9-b84b-000d3a74c7de.jpg;c70363f0-92d4-11e9-b84b-000d3a74c7de;mitu tuberosum;bol;1;11
c70363f2-92d4-11e9-8860-000d3a74c7de.jpg;c70363f2-92d4-11e9-8860-000d3a74c7de;mitu tuberosum;bol;1;11
c7038afe-92d4-11e9-b489-000d3a74c7de.jpg;c7038afe-92d4-11e9-b489-000d3a74c7de;mitu tuberosum;bol;1;11
c7038b00-92d4-11e9-997a-000d3a74c7de.jpg;c7038b00-92d4-11e9-997a-000d3a74c7de;mitu tuberosum;bol;1;11
c7038b02-92d4-11e9-992c-000d3a74c7de.jpg;c7038b02-92d4-11e9-992c-000d3a74c7de;mitu tuberosum;bol;1;11
c703b210-92d4-11e9-b5a5-000d3a74c7de.jpg;c703b210-92d4-11e9-b5a5-000d3a74c7de;mitu tuberosum;bol;1;11
c703b212-92d4-11e9-8d26-000d3a74c7de.jpg;c703b212-92d4-11e9-8d26-000d3a74c7de;mitu tuberosum;bol;1;11
c703b214-92d4-11e9-8f59-000d3a74c7de.jpg;c703b214-92d4-11e9-8f59-000d3a74c7de;mitu tuberosum;bol;1;11
c703b216-92d4-11e9-bc8a-000d3a74c7de.jpg;c703b216-92d4-11e9-bc8a-000d3a74c7de;mitu tuberosum;bol;1;11
c703d91f-92d4-11e9-80af-000d3a74c7de.jpg;c703d91f-92d4-11e9-80af-000d3a74c7de;mitu tuberosum;bol;1;11
c703d921-92d4-11e9-afdc-000d3a74c7de.jpg;c703d921-92d4-11e9-afdc-000d3a74c7de;mitu tuberosum;bol;1;11
c703d923-92d4-11e9-8a40-000d3a74c7de.jpg;c703d923-92d4-11e9-8a40-000d3a74c7de;mitu tuberosum;bol;1;11
c704002e-92d4-11e9-a2a8-000d3a74c7de.jpg;c704002e-92d4-11e9-a2a8-000d3a74c7de;mitu tuberosum;bol;1;11
c7040030-92d4-11e9-8296-000d3a74c7de.jpg;c7040030-92d4-11e9-8296-000d3a74c7de;psophia leucoptera;bol;1;1
c7040032-92d4-11e9-b1ae-000d3a74c7de.jpg;c7040032-92d4-11e9-b1ae-000d3a74c7de;psophia leucoptera;bol;1;1
c7040034-92d4-11e9-9901-000d3a74c7de.jpg;c7040034-92d4-11e9-9901-000d3a74c7de;tayassu pecari;bol;1;2
c7042741-92d4-11e9-ba44-000d3a74c7de.jpg;c7042741-92d4-11e9-ba44-000d3a74c7de;mitu tuberosum;bol;1;11
c7042743-92d4-11e9-aa1e-000d3a74c7de.jpg;c7042743-92d4-11e9-aa1e-000d3a74c7de;mitu tuberosum;bol;1;11
c7042745-92d4-11e9-b8f0-000d3a74c7de.jpg;c7042745-92d4-11e9-b8f0-000d3a74c7de;mitu tuberosum;bol;1;11
c7044e53-92d4-11e9-a167-000d3a74c7de.jpg;c7044e53-92d4-11e9-a167-000d3a74c7de;mitu tuberosum;bol;1;11
c7044e55-92d4-11e9-9d66-000d3a74c7de.jpg;c7044e55-92d4-11e9-9d66-000d3a74c7de;mitu tuberosum;bol;1;11
c7044e57-92d4-11e9-ac2b-000d3a74c7de.jpg;c7044e57-92d4-11e9-ac2b-000d3a74c7de;mitu tuberosum;bol;1;11
c704755d-92d4-11e9-92d2-000d3a74c7de.jpg;c704755d-92d4-11e9-92d2-000d3a74c7de;mitu tuberosum;bol;1;11
c704755f-92d4-11e9-b4e1-000d3a74c7de.jpg;c704755f-92d4-11e9-b4e1-000d3a74c7de;mitu tuberosum;bol;1;11
c7047561-92d4-11e9-8a46-000d3a74c7de.jpg;c7047561-92d4-11e9-8a46-000d3a74c7de;mitu tuberosum;bol;1;11
c7049c75-92d4-11e9-ac23-000d3a74c7de.jpg;c7049c75-92d4-11e9-ac23-000d3a74c7de;mitu tuberosum;bol;1;11
c7049c77-92d4-11e9-a593-000d3a74c7de.jpg;c7049c77-92d4-11e9-a593-000d3a74c7de;mitu tuberosum;bol;1;11
c7049c79-92d4-11e9-81cf-000d3a74c7de.jpg;c7049c79-92d4-11e9-81cf-000d3a74c7de;mitu tuberosum;bol;1;11
c704c382-92d4-11e9-8f6c-000d3a74c7de.jpg;c704c382-92d4-11e9-8f6c-000d3a74c7de;mitu tuberosum;bol;1;11
c704c384-92d4-11e9-a159-000d3a74c7de.jpg;c704c384-92d4-11e9-a159-000d3a74c7de;mitu tuberosum;bol;1;11
c704c386-92d4-11e9-ab02-000d3a74c7de.jpg;c704c386-92d4-11e9-ab02-000d3a74c7de;mitu tuberosum;bol;1;11
c704c388-92d4-11e9-9dc4-000d3a74c7de.jpg;c704c388-92d4-11e9-9dc4-000d3a74c7de;mitu tuberosum;bol;1;11
c704ea95-92d4-11e9-9af3-000d3a74c7de.jpg;c704ea95-92d4-11e9-9af3-000d3a74c7de;mitu tuberosum;bol;1;11
c704ea97-92d4-11e9-b161-000d3a74c7de.jpg;c704ea97-92d4-11e9-b161-000d3a74c7de;mitu tuberosum;bol;1;11
c704ea99-92d4-11e9-bc38-000d3a74c7de.jpg;c704ea99-92d4-11e9-bc38-000d3a74c7de;mitu tuberosum;bol;1;11
c705119d-92d4-11e9-81ee-000d3a74c7de.jpg;c705119d-92d4-11e9-81ee-000d3a74c7de;mitu tuberosum;bol;1;11
c705119f-92d4-11e9-b2af-000d3a74c7de.jpg;c705119f-92d4-11e9-b2af-000d3a74c7de;mitu tuberosum;bol;1;11
c70511a1-92d4-11e9-8ea0-000d3a74c7de.jpg;c70511a1-92d4-11e9-8ea0-000d3a74c7de;mitu tuberosum;bol;1;11
c705392c-92d4-11e9-a67d-000d3a74c7de.jpg;c705392c-92d4-11e9-a67d-000d3a74c7de;mitu tuberosum;bol;1;11
c705392e-92d4-11e9-bc5d-000d3a74c7de.jpg;c705392e-92d4-11e9-bc5d-000d3a74c7de;mitu tuberosum;bol;1;11
c7053930-92d4-11e9-b3bd-000d3a74c7de.jpg;c7053930-92d4-11e9-b3bd-000d3a74c7de;mitu tuberosum;bol;1;11
c7053932-92d4-11e9-a454-000d3a74c7de.jpg;c7053932-92d4-11e9-a454-000d3a74c7de;mitu tuberosum;bol;1;11
c7055fba-92d4-11e9-af3c-000d3a74c7de.jpg;c7055fba-92d4-11e9-af3c-000d3a74c7de;geotrygon montana;bol;1;12
c7055fbc-92d4-11e9-bd40-000d3a74c7de.jpg;c7055fbc-92d4-11e9-bd40-000d3a74c7de;pecari tajacu;bol;1;8
c7055fbe-92d4-11e9-be93-000d3a74c7de.jpg;c7055fbe-92d4-11e9-be93-000d3a74c7de;pecari tajacu;bol;1;8
c70586cc-92d4-11e9-80de-000d3a74c7de.jpg;c70586cc-92d4-11e9-80de-000d3a74c7de;pecari tajacu;bol;1;8
c70586ce-92d4-11e9-95ff-000d3a74c7de.jpg;c70586ce-92d4-11e9-95ff-000d3a74c7de;geotrygon montana;bol;1;12
c70586d0-92d4-11e9-8fb5-000d3a74c7de.jpg;c70586d0-92d4-11e9-8fb5-000d3a74c7de;dasyprocta punctata;bol;1;3
c705adda-92d4-11e9-88f0-000d3a74c7de.jpg;c705adda-92d4-11e9-88f0-000d3a74c7de;geotrygon montana;bol;1;12
c705addc-92d4-11e9-a6a6-000d3a74c7de.jpg;c705addc-92d4-11e9-a6a6-000d3a74c7de;pecari tajacu;bol;1;8
c705adde-92d4-11e9-9b37-000d3a74c7de.jpg;c705adde-92d4-11e9-9b37-000d3a74c7de;pecari tajacu;bol;1;8
c705ade0-92d4-11e9-b682-000d3a74c7de.jpg;c705ade0-92d4-11e9-b682-000d3a74c7de;pecari tajacu;bol;1;8
c705d4f0-92d4-11e9-9710-000d3a74c7de.jpg;c705d4f0-92d4-11e9-9710-000d3a74c7de;pecari tajacu;bol;1;8
c705d4f2-92d4-11e9-b51c-000d3a74c7de.jpg;c705d4f2-92d4-11e9-b51c-000d3a74c7de;nasua nasua;bol;1;13
c705d4f4-92d4-11e9-8e81-000d3a74c7de.jpg;c705d4f4-92d4-11e9-8e81-000d3a74c7de;pecari tajacu;bol;1;8
c705fc02-92d4-11e9-a35a-000d3a74c7de.jpg;c705fc02-92d4-11e9-a35a-000d3a74c7de;dasypus novemcinctus;bol;1;14
c705fc04-92d4-11e9-9ef2-000d3a74c7de.jpg;c705fc04-92d4-11e9-9ef2-000d3a74c7de;cuniculus paca;bol;1;4
c705fc06-92d4-11e9-b218-000d3a74c7de.jpg;c705fc06-92d4-11e9-b218-000d3a74c7de;sciurus spadiceus;bol;1;5
c705fc08-92d4-11e9-b432-000d3a74c7de.jpg;c705fc08-92d4-11e9-b432-000d3a74c7de;eira barbara;bol;1;15
c7062311-92d4-11e9-9cee-000d3a74c7de.jpg;c7062311-92d4-11e9-9cee-000d3a74c7de;psophia leucoptera;bol;1;1
c7062313-92d4-11e9-85d8-000d3a74c7de.jpg;c7062313-92d4-11e9-85d8-000d3a74c7de;psophia leucoptera;bol;1;1
c7062315-92d4-11e9-b892-000d3a74c7de.jpg;c7062315-92d4-11e9-b892-000d3a74c7de;psophia leucoptera;bol;1;1
c7064a22-92d4-11e9-89fa-000d3a74c7de.jpg;c7064a22-92d4-11e9-89fa-000d3a74c7de;psophia leucoptera;bol;1;1
c7064a24-92d4-11e9-aff6-000d3a74c7de.jpg;c7064a24-92d4-11e9-aff6-000d3a74c7de;psophia leucoptera;bol;1;1
c7064a26-92d4-11e9-8887-000d3a74c7de.jpg;c7064a26-92d4-11e9-8887-000d3a74c7de;psophia leucoptera;bol;1;1
c7064a28-92d4-11e9-8327-000d3a74c7de.jpg;c7064a28-92d4-11e9-8327-000d3a74c7de;cuniculus paca;bol;1;4
c7067137-92d4-11e9-a03d-000d3a74c7de.jpg;c7067137-92d4-11e9-a03d-000d3a74c7de;didelphis marsupialis;bol;1;16
c7067139-92d4-11e9-87a7-000d3a74c7de.jpg;c7067139-92d4-11e9-87a7-000d3a74c7de;sciurus spadiceus;bol;1;5
c706713b-92d4-11e9-a3a1-000d3a74c7de.jpg;c706713b-92d4-11e9-a3a1-000d3a74c7de;tayassu pecari;bol;1;2
c7069842-92d4-11e9-b61c-000d3a74c7de.jpg;c7069842-92d4-11e9-b61c-000d3a74c7de;tayassu pecari;bol;1;2
c7069844-92d4-11e9-8b1f-000d3a74c7de.jpg;c7069844-92d4-11e9-8b1f-000d3a74c7de;tayassu pecari;bol;1;2
c7069846-92d4-11e9-a08a-000d3a74c7de.jpg;c7069846-92d4-11e9-a08a-000d3a74c7de;tayassu pecari;bol;1;2
c706bf52-92d4-11e9-b74e-000d3a74c7de.jpg;c706bf52-92d4-11e9-b74e-000d3a74c7de;pecari tajacu;bol;1;8
c706bf54-92d4-11e9-a0c4-000d3a74c7de.jpg;c706bf54-92d4-11e9-a0c4-000d3a74c7de;tayassu pecari;bol;1;2
c706bf56-92d4-11e9-a428-000d3a74c7de.jpg;c706bf56-92d4-11e9-a428-000d3a74c7de;tayassu pecari;bol;1;2
c706bf58-92d4-11e9-8191-000d3a74c7de.jpg;c706bf58-92d4-11e9-8191-000d3a74c7de;tayassu pecari;bol;1;2
c706e65f-92d4-11e9-8738-000d3a74c7de.jpg;c706e65f-92d4-11e9-8738-000d3a74c7de;tayassu pecari;bol;1;2
c706e661-92d4-11e9-91e1-000d3a74c7de.jpg;c706e661-92d4-11e9-91e1-000d3a74c7de;psophia leucoptera;bol;1;1
c706e663-92d4-11e9-b4b9-000d3a74c7de.jpg;c706e663-92d4-11e9-b4b9-000d3a74c7de;psophia leucoptera;bol;1;1
c7070d70-92d4-11e9-b20f-000d3a74c7de.jpg;c7070d70-92d4-11e9-b20f-000d3a74c7de;psophia leucoptera;bol;1;1
c7070d72-92d4-11e9-bf68-000d3a74c7de.jpg;c7070d72-92d4-11e9-bf68-000d3a74c7de;mazama americana;bol;1;9
c7070d74-92d4-11e9-a843-000d3a74c7de.jpg;c7070d74-92d4-11e9-a843-000d3a74c7de;tapirus terrestris;bol;1;7
c7070d76-92d4-11e9-aed8-000d3a74c7de.jpg;c7070d76-92d4-11e9-aed8-000d3a74c7de;tayassu pecari;bol;1;2
c7073480-92d4-11e9-a6f2-000d3a74c7de.jpg;c7073480-92d4-11e9-a6f2-000d3a74c7de;tayassu pecari;bol;1;2
c7073482-92d4-11e9-b7df-000d3a74c7de.jpg;c7073482-92d4-11e9-b7df-000d3a74c7de;tayassu pecari;bol;1;2
c7073484-92d4-11e9-ba09-000d3a74c7de.jpg;c7073484-92d4-11e9-ba09-000d3a74c7de;tayassu pecari;bol;1;2
c7075b92-92d4-11e9-9257-000d3a74c7de.jpg;c7075b92-92d4-11e9-9257-000d3a74c7de;dasyprocta punctata;bol;1;3
c7075b94-92d4-11e9-b16d-000d3a74c7de.jpg;c7075b94-92d4-11e9-b16d-000d3a74c7de;psophia leucoptera;bol;1;1
c7075b96-92d4-11e9-8cd4-000d3a74c7de.jpg;c7075b96-92d4-11e9-8cd4-000d3a74c7de;psophia leucoptera;bol;1;1
c707829c-92d4-11e9-94f9-000d3a74c7de.jpg;c707829c-92d4-11e9-94f9-000d3a74c7de;psophia leucoptera;bol;1;1
c707829e-92d4-11e9-af9c-000d3a74c7de.jpg;c707829e-92d4-11e9-af9c-000d3a74c7de;psophia leucoptera;bol;1;1
c70782a0-92d4-11e9-b6a1-000d3a74c7de.jpg;c70782a0-92d4-11e9-b6a1-000d3a74c7de;psophia leucoptera;bol;1;1
c70782a2-92d4-11e9-9a54-000d3a74c7de.jpg;c70782a2-92d4-11e9-9a54-000d3a74c7de;psophia leucoptera;bol;1;1
c707a9ae-92d4-11e9-9916-000d3a74c7de.jpg;c707a9ae-92d4-11e9-9916-000d3a74c7de;psophia leucoptera;bol;1;1
c707a9b0-92d4-11e9-b7b7-000d3a74c7de.jpg;c707a9b0-92d4-11e9-b7b7-000d3a74c7de;psophia leucoptera;bol;1;1
c707a9b2-92d4-11e9-9f9c-000d3a74c7de.jpg;c707a9b2-92d4-11e9-9f9c-000d3a74c7de;psophia leucoptera;bol;1;1
c707a9b4-92d4-11e9-a6af-000d3a74c7de.jpg;c707a9b4-92d4-11e9-a6af-000d3a74c7de;psophia leucoptera;bol;1;1
c707d0c7-92d4-11e9-93d8-000d3a74c7de.jpg;c707d0c7-92d4-11e9-93d8-000d3a74c7de;psophia leucoptera;bol;1;1
c707d0c9-92d4-11e9-9a8e-000d3a74c7de.jpg;c707d0c9-92d4-11e9-9a8e-000d3a74c7de;psophia leucoptera;bol;1;1
c707d0cb-92d4-11e9-9ac9-000d3a74c7de.jpg;c707d0cb-92d4-11e9-9ac9-000d3a74c7de;psophia leucoptera;bol;1;1
c707f7d4-92d4-11e9-8d51-000d3a74c7de.jpg;c707f7d4-92d4-11e9-8d51-000d3a74c7de;psophia leucoptera;bol;1;1
c707f7d6-92d4-11e9-bc92-000d3a74c7de.jpg;c707f7d6-92d4-11e9-bc92-000d3a74c7de;pecari tajacu;bol;1;8
c707f7d8-92d4-11e9-81c2-000d3a74c7de.jpg;c707f7d8-92d4-11e9-81c2-000d3a74c7de;pecari tajacu;bol;1;8
c7081ee4-92d4-11e9-bf33-000d3a74c7de.jpg;c7081ee4-92d4-11e9-bf33-000d3a74c7de;pecari tajacu;bol;1;8
c7081ee6-92d4-11e9-a0db-000d3a74c7de.jpg;c7081ee6-92d4-11e9-a0db-000d3a74c7de;pecari tajacu;bol;1;8
c7081ee8-92d4-11e9-9294-000d3a74c7de.jpg;c7081ee8-92d4-11e9-9294-000d3a74c7de;pecari tajacu;bol;1;8
c7081eea-92d4-11e9-bae3-000d3a74c7de.jpg;c7081eea-92d4-11e9-bae3-000d3a74c7de;penelope jacquacu;bol;1;17
c70846c8-92d4-11e9-b93c-000d3a74c7de.jpg;c70846c8-92d4-11e9-b93c-000d3a74c7de;penelope jacquacu;bol;1;17
c70846ca-92d4-11e9-8ebd-000d3a74c7de.jpg;c70846ca-92d4-11e9-8ebd-000d3a74c7de;tayassu pecari;bol;1;2
c70846cc-92d4-11e9-9230-000d3a74c7de.jpg;c70846cc-92d4-11e9-9230-000d3a74c7de;tayassu pecari;bol;1;2
c7086d00-92d4-11e9-8f97-000d3a74c7de.jpg;c7086d00-92d4-11e9-8f97-000d3a74c7de;dasyprocta punctata;bol;1;3
c7086d02-92d4-11e9-8b4a-000d3a74c7de.jpg;c7086d02-92d4-11e9-8b4a-000d3a74c7de;cuniculus paca;bol;1;4
c7086d04-92d4-11e9-b239-000d3a74c7de.jpg;c7086d04-92d4-11e9-b239-000d3a74c7de;alouatta sara;bol;1;18
c7086d06-92d4-11e9-b294-000d3a74c7de.jpg;c7086d06-92d4-11e9-b294-000d3a74c7de;alouatta sara;bol;1;18
c7089413-92d4-11e9-bfca-000d3a74c7de.jpg;c7089413-92d4-11e9-bfca-000d3a74c7de;alouatta sara;bol;1;18
c7089415-92d4-11e9-ac9f-000d3a74c7de.jpg;c7089415-92d4-11e9-ac9f-000d3a74c7de;mazama americana;bol;1;9
c7089417-92d4-11e9-8df8-000d3a74c7de.jpg;c7089417-92d4-11e9-8df8-000d3a74c7de;tapirus terrestris;bol;1;7
c708bb1e-92d4-11e9-84b0-000d3a74c7de.jpg;c708bb1e-92d4-11e9-84b0-000d3a74c7de;tapirus terrestris;bol;1;7
c708bb20-92d4-11e9-b7fe-000d3a74c7de.jpg;c708bb20-92d4-11e9-b7fe-000d3a74c7de;mazama americana;bol;1;9
c708bb22-92d4-11e9-ae5f-000d3a74c7de.jpg;c708bb22-92d4-11e9-ae5f-000d3a74c7de;mazama americana;bol;1;9
c708e236-92d4-11e9-8d69-000d3a74c7de.jpg;c708e236-92d4-11e9-8d69-000d3a74c7de;mazama americana;bol;1;9
c708e238-92d4-11e9-a76a-000d3a74c7de.jpg;c708e238-92d4-11e9-a76a-000d3a74c7de;mazama americana;bol;1;9
c708e23a-92d4-11e9-aa23-000d3a74c7de.jpg;c708e23a-92d4-11e9-aa23-000d3a74c7de;mazama americana;bol;1;9
c708e23c-92d4-11e9-a807-000d3a74c7de.jpg;c708e23c-92d4-11e9-a807-000d3a74c7de;tapirus terrestris;bol;1;7
c709095a-92d4-11e9-9fd2-000d3a74c7de.jpg;c709095a-92d4-11e9-9fd2-000d3a74c7de;pecari tajacu;bol;1;8
c709095c-92d4-11e9-ba08-000d3a74c7de.jpg;c709095c-92d4-11e9-ba08-000d3a74c7de;atelocynus microtis;bol;1;19
c709095e-92d4-11e9-8713-000d3a74c7de.jpg;c709095e-92d4-11e9-8713-000d3a74c7de;tayassu pecari;bol;1;2
c7093066-92d4-11e9-85f0-000d3a74c7de.jpg;c7093066-92d4-11e9-85f0-000d3a74c7de;tayassu pecari;bol;1;2
c7093068-92d4-11e9-a220-000d3a74c7de.jpg;c7093068-92d4-11e9-a220-000d3a74c7de;psophia leucoptera;bol;1;1
c709306a-92d4-11e9-b86b-000d3a74c7de.jpg;c709306a-92d4-11e9-b86b-000d3a74c7de;tayassu pecari;bol;1;2
c7095774-92d4-11e9-a32f-000d3a74c7de.jpg;c7095774-92d4-11e9-a32f-000d3a74c7de;tayassu pecari;bol;1;2
c7095776-92d4-11e9-96fc-000d3a74c7de.jpg;c7095776-92d4-11e9-96fc-000d3a74c7de;tayassu pecari;bol;1;2
c7095778-92d4-11e9-88bd-000d3a74c7de.jpg;c7095778-92d4-11e9-88bd-000d3a74c7de;tayassu pecari;bol;1;2
c709577a-92d4-11e9-9a0c-000d3a74c7de.jpg;c709577a-92d4-11e9-9a0c-000d3a74c7de;tayassu pecari;bol;1;2
c7097e8b-92d4-11e9-8902-000d3a74c7de.jpg;c7097e8b-92d4-11e9-8902-000d3a74c7de;tayassu pecari;bol;1;2
c7097e8d-92d4-11e9-b5a3-000d3a74c7de.jpg;c7097e8d-92d4-11e9-b5a3-000d3a74c7de;tayassu pecari;bol;1;2
c7097e8f-92d4-11e9-b574-000d3a74c7de.jpg;c7097e8f-92d4-11e9-b574-000d3a74c7de;tayassu pecari;bol;1;2
c709a58a-92d4-11e9-960e-000d3a74c7de.jpg;c709a58a-92d4-11e9-960e-000d3a74c7de;tayassu pecari;bol;1;2
c709a58c-92d4-11e9-be88-000d3a74c7de.jpg;c709a58c-92d4-11e9-be88-000d3a74c7de;tayassu pecari;bol;1;2
c709a58e-92d4-11e9-b19a-000d3a74c7de.jpg;c709a58e-92d4-11e9-b19a-000d3a74c7de;tayassu pecari;bol;1;2
c709a590-92d4-11e9-8600-000d3a74c7de.jpg;c709a590-92d4-11e9-8600-000d3a74c7de;tayassu pecari;bol;1;2
c709ccae-92d4-11e9-b0c1-000d3a74c7de.jpg;c709ccae-92d4-11e9-b0c1-000d3a74c7de;tayassu pecari;bol;1;2
c709ccb0-92d4-11e9-839b-000d3a74c7de.jpg;c709ccb0-92d4-11e9-839b-000d3a74c7de;tayassu pecari;bol;1;2
c709ccb2-92d4-11e9-9c6a-000d3a74c7de.jpg;c709ccb2-92d4-11e9-9c6a-000d3a74c7de;tayassu pecari;bol;1;2
c709f3a8-92d4-11e9-baca-000d3a74c7de.jpg;c709f3a8-92d4-11e9-baca-000d3a74c7de;tayassu pecari;bol;1;2
c709f3aa-92d4-11e9-a90b-000d3a74c7de.jpg;c709f3aa-92d4-11e9-a90b-000d3a74c7de;tayassu pecari;bol;1;2
c709f3ac-92d4-11e9-9d82-000d3a74c7de.jpg;c709f3ac-92d4-11e9-9d82-000d3a74c7de;tayassu pecari;bol;1;2
c70a1ab6-92d4-11e9-a80e-000d3a74c7de.jpg;c70a1ab6-92d4-11e9-a80e-000d3a74c7de;tayassu pecari;bol;1;2
c70a1ab8-92d4-11e9-8c3b-000d3a74c7de.jpg;c70a1ab8-92d4-11e9-8c3b-000d3a74c7de;tayassu pecari;bol;1;2
c70a1aba-92d4-11e9-9e66-000d3a74c7de.jpg;c70a1aba-92d4-11e9-9e66-000d3a74c7de;tayassu pecari;bol;1;2
c70a1abc-92d4-11e9-8d68-000d3a74c7de.jpg;c70a1abc-92d4-11e9-8d68-000d3a74c7de;tayassu pecari;bol;1;2
c70a41c6-92d4-11e9-a37d-000d3a74c7de.jpg;c70a41c6-92d4-11e9-a37d-000d3a74c7de;tayassu pecari;bol;1;2
c70a41c8-92d4-11e9-9bcc-000d3a74c7de.jpg;c70a41c8-92d4-11e9-9bcc-000d3a74c7de;tayassu pecari;bol;1;2
c70a41ca-92d4-11e9-84c1-000d3a74c7de.jpg;c70a41ca-92d4-11e9-84c1-000d3a74c7de;mazama americana;bol;1;9
c70a68e4-92d4-11e9-bfbc-000d3a74c7de.jpg;c70a68e4-92d4-11e9-bfbc-000d3a74c7de;mazama americana;bol;1;9
c70a68e6-92d4-11e9-addd-000d3a74c7de.jpg;c70a68e6-92d4-11e9-addd-000d3a74c7de;tapirus terrestris;bol;1;7
c70a68e8-92d4-11e9-9fbf-000d3a74c7de.jpg;c70a68e8-92d4-11e9-9fbf-000d3a74c7de;tapirus terrestris;bol;1;7
c70a68ea-92d4-11e9-be66-000d3a74c7de.jpg;c70a68ea-92d4-11e9-be66-000d3a74c7de;tapirus terrestris;bol;1;7
c70a8fe9-92d4-11e9-b149-000d3a74c7de.jpg;c70a8fe9-92d4-11e9-b149-000d3a74c7de;mazama americana;bol;1;9
c70a8feb-92d4-11e9-a859-000d3a74c7de.jpg;c70a8feb-92d4-11e9-a859-000d3a74c7de;mazama americana;bol;1;9
c70a8fed-92d4-11e9-afdf-000d3a74c7de.jpg;c70a8fed-92d4-11e9-afdf-000d3a74c7de;mazama americana;bol;1;9
c70ab6f6-92d4-11e9-b80a-000d3a74c7de.jpg;c70ab6f6-92d4-11e9-b80a-000d3a74c7de;mazama americana;bol;1;9
c70ab6f8-92d4-11e9-8d2d-000d3a74c7de.jpg;c70ab6f8-92d4-11e9-8d2d-000d3a74c7de;mazama americana;bol;1;9
c70ab6fa-92d4-11e9-acd6-000d3a74c7de.jpg;c70ab6fa-92d4-11e9-acd6-000d3a74c7de;mazama americana;bol;1;9
c70ade12-92d4-11e9-9fc1-000d3a74c7de.jpg;c70ade12-92d4-11e9-9fc1-000d3a74c7de;tapirus terrestris;bol;1;7
c70ade14-92d4-11e9-8c15-000d3a74c7de.jpg;c70ade14-92d4-11e9-8c15-000d3a74c7de;mazama americana;bol;1;9
c70ade16-92d4-11e9-911c-000d3a74c7de.jpg;c70ade16-92d4-11e9-911c-000d3a74c7de;mazama americana;bol;1;9
c70ade18-92d4-11e9-ab4a-000d3a74c7de.jpg;c70ade18-92d4-11e9-ab4a-000d3a74c7de;penelope jacquacu;bol;1;17
c70b0540-92d4-11e9-8f56-000d3a74c7de.jpg;c70b0540-92d4-11e9-8f56-000d3a74c7de;penelope jacquacu;bol;1;17
c70b0542-92d4-11e9-a128-000d3a74c7de.jpg;c70b0542-92d4-11e9-a128-000d3a74c7de;tayassu pecari;bol;1;2
c70b0544-92d4-11e9-8e73-000d3a74c7de.jpg;c70b0544-92d4-11e9-8e73-000d3a74c7de;tayassu pecari;bol;1;2
c70b2c1a-92d4-11e9-a891-000d3a74c7de.jpg;c70b2c1a-92d4-11e9-a891-000d3a74c7de;tayassu pecari;bol;1;2
c70b2c1c-92d4-11e9-affe-000d3a74c7de.jpg;c70b2c1c-92d4-11e9-affe-000d3a74c7de;tayassu pecari;bol;1;2
c70b2c1e-92d4-11e9-8694-000d3a74c7de.jpg;c70b2c1e-92d4-11e9-8694-000d3a74c7de;tayassu pecari;bol;1;2
c70b533a-92d4-11e9-85a2-000d3a74c7de.jpg;c70b533a-92d4-11e9-85a2-000d3a74c7de;tayassu pecari;bol;1;2
c70b533c-92d4-11e9-90d2-000d3a74c7de.jpg;c70b533c-92d4-11e9-90d2-000d3a74c7de;tayassu pecari;bol;1;2
c70b533e-92d4-11e9-8fc3-000d3a74c7de.jpg;c70b533e-92d4-11e9-8fc3-000d3a74c7de;tapirus terrestris;bol;1;7
c70b7a7e-92d4-11e9-9211-000d3a74c7de.jpg;c70b7a7e-92d4-11e9-9211-000d3a74c7de;mazama americana;bol;1;9
c70b7a80-92d4-11e9-b98b-000d3a74c7de.jpg;c70b7a80-92d4-11e9-b98b-000d3a74c7de;mazama americana;bol;1;9
c70b7a82-92d4-11e9-a750-000d3a74c7de.jpg;c70b7a82-92d4-11e9-a750-000d3a74c7de;mazama americana;bol;1;9
c70b7a84-92d4-11e9-b136-000d3a74c7de.jpg;c70b7a84-92d4-11e9-b136-000d3a74c7de;mazama americana;bol;1;9
c70ba1c7-92d4-11e9-876c-000d3a74c7de.jpg;c70ba1c7-92d4-11e9-876c-000d3a74c7de;mazama americana;bol;1;9
c70ba1c9-92d4-11e9-b37d-000d3a74c7de.jpg;c70ba1c9-92d4-11e9-b37d-000d3a74c7de;mazama americana;bol;1;9
c70ba1cb-92d4-11e9-ab79-000d3a74c7de.jpg;c70ba1cb-92d4-11e9-ab79-000d3a74c7de;mazama americana;bol;1;9
c70bc867-92d4-11e9-b1c2-000d3a74c7de.jpg;c70bc867-92d4-11e9-b1c2-000d3a74c7de;mazama americana;bol;1;9
c70bc869-92d4-11e9-996f-000d3a74c7de.jpg;c70bc869-92d4-11e9-996f-000d3a74c7de;mazama americana;bol;1;9
c70bc86b-92d4-11e9-ab2a-000d3a74c7de.jpg;c70bc86b-92d4-11e9-ab2a-000d3a74c7de;tapirus terrestris;bol;1;7
c70bc86d-92d4-11e9-8740-000d3a74c7de.jpg;c70bc86d-92d4-11e9-8740-000d3a74c7de;tayassu pecari;bol;1;2
c70bf491-92d4-11e9-bc88-000d3a74c7de.jpg;c70bf491-92d4-11e9-bc88-000d3a74c7de;tayassu pecari;bol;1;2
c70bf493-92d4-11e9-b596-000d3a74c7de.jpg;c70bf493-92d4-11e9-b596-000d3a74c7de;mazama americana;bol;1;9
c70bf495-92d4-11e9-9f62-000d3a74c7de.jpg;c70bf495-92d4-11e9-9f62-000d3a74c7de;mazama americana;bol;1;9
c70c1698-92d4-11e9-b682-000d3a74c7de.jpg;c70c1698-92d4-11e9-b682-000d3a74c7de;psophia leucoptera;bol;1;1
c70c169a-92d4-11e9-bc55-000d3a74c7de.jpg;c70c169a-92d4-11e9-bc55-000d3a74c7de;tapirus terrestris;bol;1;7
c70c169c-92d4-11e9-8c89-000d3a74c7de.jpg;c70c169c-92d4-11e9-8c89-000d3a74c7de;dasyprocta punctata;bol;1;3
c70c3d9a-92d4-11e9-86f2-000d3a74c7de.jpg;c70c3d9a-92d4-11e9-86f2-000d3a74c7de;pecari tajacu;bol;1;8
c70c3d9c-92d4-11e9-a2d1-000d3a74c7de.jpg;c70c3d9c-92d4-11e9-a2d1-000d3a74c7de;pecari tajacu;bol;1;8
c70c3d9e-92d4-11e9-b9d7-000d3a74c7de.jpg;c70c3d9e-92d4-11e9-b9d7-000d3a74c7de;pecari tajacu;bol;1;8
c70c64b6-92d4-11e9-832e-000d3a74c7de.jpg;c70c64b6-92d4-11e9-832e-000d3a74c7de;pecari tajacu;bol;1;8
c70c64b8-92d4-11e9-82f7-000d3a74c7de.jpg;c70c64b8-92d4-11e9-82f7-000d3a74c7de;cuniculus paca;bol;1;4
c70c64ba-92d4-11e9-82d6-000d3a74c7de.jpg;c70c64ba-92d4-11e9-82d6-000d3a74c7de;pecari tajacu;bol;1;8
c70c64bc-92d4-11e9-9695-000d3a74c7de.jpg;c70c64bc-92d4-11e9-9695-000d3a74c7de;pecari tajacu;bol;1;8
c70c8bba-92d4-11e9-a0f7-000d3a74c7de.jpg;c70c8bba-92d4-11e9-a0f7-000d3a74c7de;pecari tajacu;bol;1;8
c70c8bbc-92d4-11e9-bc31-000d3a74c7de.jpg;c70c8bbc-92d4-11e9-bc31-000d3a74c7de;pecari tajacu;bol;1;8
c70c8bbe-92d4-11e9-8020-000d3a74c7de.jpg;c70c8bbe-92d4-11e9-8020-000d3a74c7de;tayassu pecari;bol;1;2
c70c8bc0-92d4-11e9-9416-000d3a74c7de.jpg;c70c8bc0-92d4-11e9-9416-000d3a74c7de;tayassu pecari;bol;1;2
c70cb2cb-92d4-11e9-8996-000d3a74c7de.jpg;c70cb2cb-92d4-11e9-8996-000d3a74c7de;tapirus terrestris;bol;1;7
c70cb2cd-92d4-11e9-ba7f-000d3a74c7de.jpg;c70cb2cd-92d4-11e9-ba7f-000d3a74c7de;tapirus terrestris;bol;1;7
c70cb2cf-92d4-11e9-a052-000d3a74c7de.jpg;c70cb2cf-92d4-11e9-a052-000d3a74c7de;tapirus terrestris;bol;1;7
c70cd9e8-92d4-11e9-96ff-000d3a74c7de.jpg;c70cd9e8-92d4-11e9-96ff-000d3a74c7de;pecari tajacu;bol;1;8
c70cd9ea-92d4-11e9-a8da-000d3a74c7de.jpg;c70cd9ea-92d4-11e9-a8da-000d3a74c7de;pecari tajacu;bol;1;8
c70cd9ec-92d4-11e9-97ec-000d3a74c7de.jpg;c70cd9ec-92d4-11e9-97ec-000d3a74c7de;pecari tajacu;bol;1;8
c70d00fa-92d4-11e9-ae60-000d3a74c7de.jpg;c70d00fa-92d4-11e9-ae60-000d3a74c7de;pecari tajacu;bol;1;8
c70d00fc-92d4-11e9-a7da-000d3a74c7de.jpg;c70d00fc-92d4-11e9-a7da-000d3a74c7de;pecari tajacu;bol;1;8
c70d00fe-92d4-11e9-976b-000d3a74c7de.jpg;c70d00fe-92d4-11e9-976b-000d3a74c7de;pecari tajacu;bol;1;8
c70d0100-92d4-11e9-98a1-000d3a74c7de.jpg;c70d0100-92d4-11e9-98a1-000d3a74c7de;pecari tajacu;bol;1;8
c70d27f7-92d4-11e9-b959-000d3a74c7de.jpg;c70d27f7-92d4-11e9-b959-000d3a74c7de;pecari tajacu;bol;1;8
c70d27f9-92d4-11e9-a178-000d3a74c7de.jpg;c70d27f9-92d4-11e9-a178-000d3a74c7de;mazama americana;bol;1;9
c70d27fb-92d4-11e9-b0f2-000d3a74c7de.jpg;c70d27fb-92d4-11e9-b0f2-000d3a74c7de;psophia leucoptera;bol;1;1
c70d4f1e-92d4-11e9-acfa-000d3a74c7de.jpg;c70d4f1e-92d4-11e9-acfa-000d3a74c7de;psophia leucoptera;bol;1;1
c70dc448-92d4-11e9-885d-000d3a74c7de.jpg;c70dc448-92d4-11e9-885d-000d3a74c7de;psophia leucoptera;bol;1;1
c70dc44a-92d4-11e9-bfc1-000d3a74c7de.jpg;c70dc44a-92d4-11e9-bfc1-000d3a74c7de;psophia leucoptera;bol;1;1
c70deb71-92d4-11e9-ba97-000d3a74c7de.jpg;c70deb71-92d4-11e9-ba97-000d3a74c7de;psophia leucoptera;bol;1;1
c70deb73-92d4-11e9-ade1-000d3a74c7de.jpg;c70deb73-92d4-11e9-ade1-000d3a74c7de;psophia leucoptera;bol;1;1
c70deb75-92d4-11e9-939e-000d3a74c7de.jpg;c70deb75-92d4-11e9-939e-000d3a74c7de;psophia leucoptera;bol;1;1
c70e1258-92d4-11e9-b347-000d3a74c7de.jpg;c70e1258-92d4-11e9-b347-000d3a74c7de;psophia leucoptera;bol;1;1
c70e125a-92d4-11e9-807c-000d3a74c7de.jpg;c70e125a-92d4-11e9-807c-000d3a74c7de;psophia leucoptera;bol;1;1
c70e125c-92d4-11e9-9800-000d3a74c7de.jpg;c70e125c-92d4-11e9-9800-000d3a74c7de;psophia leucoptera;bol;1;1
c70e125e-92d4-11e9-8f1d-000d3a74c7de.jpg;c70e125e-92d4-11e9-8f1d-000d3a74c7de;psophia leucoptera;bol;1;1
c70e3977-92d4-11e9-a8d8-000d3a74c7de.jpg;c70e3977-92d4-11e9-a8d8-000d3a74c7de;psophia leucoptera;bol;1;1
c70e3979-92d4-11e9-aa81-000d3a74c7de.jpg;c70e3979-92d4-11e9-aa81-000d3a74c7de;psophia leucoptera;bol;1;1
c70e397b-92d4-11e9-9549-000d3a74c7de.jpg;c70e397b-92d4-11e9-9549-000d3a74c7de;psophia leucoptera;bol;1;1
c70e6086-92d4-11e9-9310-000d3a74c7de.jpg;c70e6086-92d4-11e9-9310-000d3a74c7de;psophia leucoptera;bol;1;1
c70e6088-92d4-11e9-abe8-000d3a74c7de.jpg;c70e6088-92d4-11e9-abe8-000d3a74c7de;psophia leucoptera;bol;1;1
c70e608a-92d4-11e9-bcb6-000d3a74c7de.jpg;c70e608a-92d4-11e9-bcb6-000d3a74c7de;psophia leucoptera;bol;1;1
c70e608c-92d4-11e9-a4d2-000d3a74c7de.jpg;c70e608c-92d4-11e9-a4d2-000d3a74c7de;psophia leucoptera;bol;1;1
c70e879a-92d4-11e9-a467-000d3a74c7de.jpg;c70e879a-92d4-11e9-a467-000d3a74c7de;tayassu pecari;bol;1;2
c70e879c-92d4-11e9-ab0b-000d3a74c7de.jpg;c70e879c-92d4-11e9-ab0b-000d3a74c7de;tayassu pecari;bol;1;2
c70eaec8-92d4-11e9-aad5-000d3a74c7de.jpg;c70eaec8-92d4-11e9-aad5-000d3a74c7de;tayassu pecari;bol;1;2
c70eaeca-92d4-11e9-9477-000d3a74c7de.jpg;c70eaeca-92d4-11e9-9477-000d3a74c7de;tayassu pecari;bol;1;2
c70eaecc-92d4-11e9-a62b-000d3a74c7de.jpg;c70eaecc-92d4-11e9-a62b-000d3a74c7de;tayassu pecari;bol;1;2
c70eaece-92d4-11e9-9ead-000d3a74c7de.jpg;c70eaece-92d4-11e9-9ead-000d3a74c7de;tayassu pecari;bol;1;2
c70ed5ca-92d4-11e9-be43-000d3a74c7de.jpg;c70ed5ca-92d4-11e9-be43-000d3a74c7de;tayassu pecari;bol;1;2
c70ed5cc-92d4-11e9-8b7d-000d3a74c7de.jpg;c70ed5cc-92d4-11e9-8b7d-000d3a74c7de;tayassu pecari;bol;1;2
c70ed5ce-92d4-11e9-a30e-000d3a74c7de.jpg;c70ed5ce-92d4-11e9-a30e-000d3a74c7de;tayassu pecari;bol;1;2
c70efcd4-92d4-11e9-aace-000d3a74c7de.jpg;c70efcd4-92d4-11e9-aace-000d3a74c7de;tayassu pecari;bol;1;2
c70efcd6-92d4-11e9-a85a-000d3a74c7de.jpg;c70efcd6-92d4-11e9-a85a-000d3a74c7de;tayassu pecari;bol;1;2
c70efcd8-92d4-11e9-a9e7-000d3a74c7de.jpg;c70efcd8-92d4-11e9-a9e7-000d3a74c7de;tayassu pecari;bol;1;2
c70efcda-92d4-11e9-a3d0-000d3a74c7de.jpg;c70efcda-92d4-11e9-a3d0-000d3a74c7de;tayassu pecari;bol;1;2
c70f23f4-92d4-11e9-9bab-000d3a74c7de.jpg;c70f23f4-92d4-11e9-9bab-000d3a74c7de;tayassu pecari;bol;1;2
c70f23f6-92d4-11e9-b2cd-000d3a74c7de.jpg;c70f23f6-92d4-11e9-b2cd-000d3a74c7de;tayassu pecari;bol;1;2
c70f23f8-92d4-11e9-a7d9-000d3a74c7de.jpg;c70f23f8-92d4-11e9-a7d9-000d3a74c7de;tayassu pecari;bol;1;2
c70f4aec-92d4-11e9-87ea-000d3a74c7de.jpg;c70f4aec-92d4-11e9-87ea-000d3a74c7de;cuniculus paca;bol;1;4
c70f4aee-92d4-11e9-922f-000d3a74c7de.jpg;c70f4aee-92d4-11e9-922f-000d3a74c7de;tayassu pecari;bol;1;2
c70f4af0-92d4-11e9-a41d-000d3a74c7de.jpg;c70f4af0-92d4-11e9-a41d-000d3a74c7de;tayassu pecari;bol;1;2
c70f4af2-92d4-11e9-b74a-000d3a74c7de.jpg;c70f4af2-92d4-11e9-b74a-000d3a74c7de;tayassu pecari;bol;1;2
c70f7206-92d4-11e9-a198-000d3a74c7de.jpg;c70f7206-92d4-11e9-a198-000d3a74c7de;tayassu pecari;bol;1;2
c70f7208-92d4-11e9-86f7-000d3a74c7de.jpg;c70f7208-92d4-11e9-86f7-000d3a74c7de;tayassu pecari;bol;1;2
c70f720a-92d4-11e9-8866-000d3a74c7de.jpg;c70f720a-92d4-11e9-8866-000d3a74c7de;tayassu pecari;bol;1;2
c70f720c-92d4-11e9-93d6-000d3a74c7de.jpg;c70f720c-92d4-11e9-93d6-000d3a74c7de;tayassu pecari;bol;1;2
c70f991b-92d4-11e9-9ce2-000d3a74c7de.jpg;c70f991b-92d4-11e9-9ce2-000d3a74c7de;tayassu pecari;bol;1;2
c70f991d-92d4-11e9-adc5-000d3a74c7de.jpg;c70f991d-92d4-11e9-adc5-000d3a74c7de;tayassu pecari;bol;1;2
c70f991f-92d4-11e9-a823-000d3a74c7de.jpg;c70f991f-92d4-11e9-a823-000d3a74c7de;tayassu pecari;bol;1;2
c70fc028-92d4-11e9-97b0-000d3a74c7de.jpg;c70fc028-92d4-11e9-97b0-000d3a74c7de;puma concolor;bol;1;6
c70fc02a-92d4-11e9-9dbf-000d3a74c7de.jpg;c70fc02a-92d4-11e9-9dbf-000d3a74c7de;pecari tajacu;bol;1;8
c70fc02c-92d4-11e9-9bed-000d3a74c7de.jpg;c70fc02c-92d4-11e9-9bed-000d3a74c7de;pecari tajacu;bol;1;8
c70fc02e-92d4-11e9-8047-000d3a74c7de.jpg;c70fc02e-92d4-11e9-8047-000d3a74c7de;tayassu pecari;bol;1;2
c70fe73b-92d4-11e9-ac63-000d3a74c7de.jpg;c70fe73b-92d4-11e9-ac63-000d3a74c7de;tayassu pecari;bol;1;2
c70fe73d-92d4-11e9-b313-000d3a74c7de.jpg;c70fe73d-92d4-11e9-b313-000d3a74c7de;mazama americana;bol;1;9
c70fe73f-92d4-11e9-94ac-000d3a74c7de.jpg;c70fe73f-92d4-11e9-94ac-000d3a74c7de;tayassu pecari;bol;1;2
c7100e46-92d4-11e9-9a23-000d3a74c7de.jpg;c7100e46-92d4-11e9-9a23-000d3a74c7de;tayassu pecari;bol;1;2
c7100e48-92d4-11e9-84e6-000d3a74c7de.jpg;c7100e48-92d4-11e9-84e6-000d3a74c7de;tayassu pecari;bol;1;2
c7100e4a-92d4-11e9-bf60-000d3a74c7de.jpg;c7100e4a-92d4-11e9-bf60-000d3a74c7de;tayassu pecari;bol;1;2
c7100e4c-92d4-11e9-bfa6-000d3a74c7de.jpg;c7100e4c-92d4-11e9-bfa6-000d3a74c7de;atelocynus microtis;bol;1;19
c7103553-92d4-11e9-8052-000d3a74c7de.jpg;c7103553-92d4-11e9-8052-000d3a74c7de;psophia leucoptera;bol;1;1
c7103555-92d4-11e9-9621-000d3a74c7de.jpg;c7103555-92d4-11e9-9621-000d3a74c7de;mazama americana;bol;1;9
c7103557-92d4-11e9-8034-000d3a74c7de.jpg;c7103557-92d4-11e9-8034-000d3a74c7de;mazama americana;bol;1;9
c7105c6c-92d4-11e9-9cb9-000d3a74c7de.jpg;c7105c6c-92d4-11e9-9cb9-000d3a74c7de;procyon cancrivorus;bol;1;20
c7105c6e-92d4-11e9-ad14-000d3a74c7de.jpg;c7105c6e-92d4-11e9-ad14-000d3a74c7de;penelope jacquacu;bol;1;17
c7105c70-92d4-11e9-8a15-000d3a74c7de.jpg;c7105c70-92d4-11e9-8a15-000d3a74c7de;cuniculus paca;bol;1;4
c7105c72-92d4-11e9-bc07-000d3a74c7de.jpg;c7105c72-92d4-11e9-bc07-000d3a74c7de;procyon cancrivorus;bol;1;20
c7108371-92d4-11e9-8695-000d3a74c7de.jpg;c7108371-92d4-11e9-8695-000d3a74c7de;dasyprocta punctata;bol;1;3
c7108373-92d4-11e9-a9ff-000d3a74c7de.jpg;c7108373-92d4-11e9-a9ff-000d3a74c7de;mitu tuberosum;bol;1;11
c7108375-92d4-11e9-89a3-000d3a74c7de.jpg;c7108375-92d4-11e9-89a3-000d3a74c7de;mitu tuberosum;bol;1;11
c710aa8c-92d4-11e9-8908-000d3a74c7de.jpg;c710aa8c-92d4-11e9-8908-000d3a74c7de;mitu tuberosum;bol;1;11
c710aa8e-92d4-11e9-8f8e-000d3a74c7de.jpg;c710aa8e-92d4-11e9-8f8e-000d3a74c7de;penelope jacquacu;bol;1;17
c710aa90-92d4-11e9-a0e3-000d3a74c7de.jpg;c710aa90-92d4-11e9-a0e3-000d3a74c7de;procyon cancrivorus;bol;1;20
c710aa92-92d4-11e9-876d-000d3a74c7de.jpg;c710aa92-92d4-11e9-876d-000d3a74c7de;procyon cancrivorus;bol;1;20
c710d195-92d4-11e9-8774-000d3a74c7de.jpg;c710d195-92d4-11e9-8774-000d3a74c7de;cuniculus paca;bol;1;4
c710d197-92d4-11e9-81bd-000d3a74c7de.jpg;c710d197-92d4-11e9-81bd-000d3a74c7de;aramides cajaneus;bol;1;21
c710d199-92d4-11e9-8ca8-000d3a74c7de.jpg;c710d199-92d4-11e9-8ca8-000d3a74c7de;procyon cancrivorus;bol;1;20
c710f8b6-92d4-11e9-841a-000d3a74c7de.jpg;c710f8b6-92d4-11e9-841a-000d3a74c7de;dasyprocta punctata;bol;1;3
c710f8b8-92d4-11e9-9708-000d3a74c7de.jpg;c710f8b8-92d4-11e9-9708-000d3a74c7de;dasyprocta punctata;bol;1;3
c710f8ba-92d4-11e9-82ee-000d3a74c7de.jpg;c710f8ba-92d4-11e9-82ee-000d3a74c7de;dasyprocta punctata;bol;1;3
c710f8bc-92d4-11e9-b20c-000d3a74c7de.jpg;c710f8bc-92d4-11e9-b20c-000d3a74c7de;procyon cancrivorus;bol;1;20
c7112024-92d4-11e9-9abf-000d3a74c7de.jpg;c7112024-92d4-11e9-9abf-000d3a74c7de;procyon cancrivorus;bol;1;20
c7112026-92d4-11e9-b8ab-000d3a74c7de.jpg;c7112026-92d4-11e9-b8ab-000d3a74c7de;tapirus terrestris;bol;1;7
c7112028-92d4-11e9-b0a7-000d3a74c7de.jpg;c7112028-92d4-11e9-b0a7-000d3a74c7de;dasyprocta punctata;bol;1;3
c71146c6-92d4-11e9-9e8c-000d3a74c7de.jpg;c71146c6-92d4-11e9-9e8c-000d3a74c7de;mazama americana;bol;1;9
c71146c8-92d4-11e9-a7e7-000d3a74c7de.jpg;c71146c8-92d4-11e9-a7e7-000d3a74c7de;procyon cancrivorus;bol;1;20
c71146ca-92d4-11e9-8816-000d3a74c7de.jpg;c71146ca-92d4-11e9-8816-000d3a74c7de;dasyprocta punctata;bol;1;3
c71146cc-92d4-11e9-bbaa-000d3a74c7de.jpg;c71146cc-92d4-11e9-bbaa-000d3a74c7de;dasyprocta punctata;bol;1;3
c7116e26-92d4-11e9-be2f-000d3a74c7de.jpg;c7116e26-92d4-11e9-be2f-000d3a74c7de;procyon cancrivorus;bol;1;20
c7116e28-92d4-11e9-b634-000d3a74c7de.jpg;c7116e28-92d4-11e9-b634-000d3a74c7de;aramides cajaneus;bol;1;21
c7116e2a-92d4-11e9-a1bd-000d3a74c7de.jpg;c7116e2a-92d4-11e9-a1bd-000d3a74c7de;dasyprocta punctata;bol;1;3
c7116e2c-92d4-11e9-8a77-000d3a74c7de.jpg;c7116e2c-92d4-11e9-8a77-000d3a74c7de;dasyprocta punctata;bol;1;3
c71194db-92d4-11e9-81a8-000d3a74c7de.jpg;c71194db-92d4-11e9-81a8-000d3a74c7de;mazama americana;bol;1;9
c71194dd-92d4-11e9-94d1-000d3a74c7de.jpg;c71194dd-92d4-11e9-94d1-000d3a74c7de;mazama americana;bol;1;9
c71194df-92d4-11e9-9b63-000d3a74c7de.jpg;c71194df-92d4-11e9-9b63-000d3a74c7de;dasyprocta punctata;bol;1;3
c711bbec-92d4-11e9-8361-000d3a74c7de.jpg;c711bbec-92d4-11e9-8361-000d3a74c7de;procyon cancrivorus;bol;1;20
c711bbee-92d4-11e9-ba37-000d3a74c7de.jpg;c711bbee-92d4-11e9-ba37-000d3a74c7de;dasyprocta punctata;bol;1;3
c711bbf0-92d4-11e9-a544-000d3a74c7de.jpg;c711bbf0-92d4-11e9-a544-000d3a74c7de;tayassu pecari;bol;1;2
c711bbf2-92d4-11e9-b883-000d3a74c7de.jpg;c711bbf2-92d4-11e9-b883-000d3a74c7de;tayassu pecari;bol;1;2
c711e347-92d4-11e9-af1d-000d3a74c7de.jpg;c711e347-92d4-11e9-af1d-000d3a74c7de;tapirus terrestris;bol;1;7
c711e349-92d4-11e9-b872-000d3a74c7de.jpg;c711e349-92d4-11e9-b872-000d3a74c7de;psophia leucoptera;bol;1;1
c711e34b-92d4-11e9-a5e9-000d3a74c7de.jpg;c711e34b-92d4-11e9-a5e9-000d3a74c7de;psophia leucoptera;bol;1;1
c7120a40-92d4-11e9-9a01-000d3a74c7de.jpg;c7120a40-92d4-11e9-9a01-000d3a74c7de;psophia leucoptera;bol;1;1
c7120a42-92d4-11e9-872c-000d3a74c7de.jpg;c7120a42-92d4-11e9-872c-000d3a74c7de;tayassu pecari;bol;1;2
c7120a44-92d4-11e9-9b7d-000d3a74c7de.jpg;c7120a44-92d4-11e9-9b7d-000d3a74c7de;tayassu pecari;bol;1;2
c7120a46-92d4-11e9-a358-000d3a74c7de.jpg;c7120a46-92d4-11e9-a358-000d3a74c7de;tayassu pecari;bol;1;2
c7123135-92d4-11e9-98d5-000d3a74c7de.jpg;c7123135-92d4-11e9-98d5-000d3a74c7de;psophia leucoptera;bol;1;1
c7123137-92d4-11e9-8660-000d3a74c7de.jpg;c7123137-92d4-11e9-8660-000d3a74c7de;dasypus novemcinctus;bol;1;14
c7123139-92d4-11e9-b7e8-000d3a74c7de.jpg;c7123139-92d4-11e9-b7e8-000d3a74c7de;psophia leucoptera;bol;1;1
c7125840-92d4-11e9-bc92-000d3a74c7de.jpg;c7125840-92d4-11e9-bc92-000d3a74c7de;tayassu pecari;bol;1;2
c7125842-92d4-11e9-b730-000d3a74c7de.jpg;c7125842-92d4-11e9-b730-000d3a74c7de;psophia leucoptera;bol;1;1
c7125844-92d4-11e9-bf63-000d3a74c7de.jpg;c7125844-92d4-11e9-bf63-000d3a74c7de;psophia leucoptera;bol;1;1
c7125846-92d4-11e9-9bb4-000d3a74c7de.jpg;c7125846-92d4-11e9-9bb4-000d3a74c7de;tayassu pecari;bol;1;2
c7127f50-92d4-11e9-9db3-000d3a74c7de.jpg;c7127f50-92d4-11e9-9db3-000d3a74c7de;tayassu pecari;bol;1;2
c7127f52-92d4-11e9-86df-000d3a74c7de.jpg;c7127f52-92d4-11e9-86df-000d3a74c7de;mitu tuberosum;bol;1;11
c7127f54-92d4-11e9-a85a-000d3a74c7de.jpg;c7127f54-92d4-11e9-a85a-000d3a74c7de;tayassu pecari;bol;1;2
c712a658-92d4-11e9-9a5c-000d3a74c7de.jpg;c712a658-92d4-11e9-9a5c-000d3a74c7de;tayassu pecari;bol;1;2
c712a65a-92d4-11e9-a810-000d3a74c7de.jpg;c712a65a-92d4-11e9-a810-000d3a74c7de;puma concolor;bol;1;6
c712a65c-92d4-11e9-84fc-000d3a74c7de.jpg;c712a65c-92d4-11e9-84fc-000d3a74c7de;psophia leucoptera;bol;1;1
c712a65e-92d4-11e9-8959-000d3a74c7de.jpg;c712a65e-92d4-11e9-8959-000d3a74c7de;leopardus pardalis;bol;1;10
c712cd64-92d4-11e9-bc37-000d3a74c7de.jpg;c712cd64-92d4-11e9-bc37-000d3a74c7de;leopardus pardalis;bol;1;10
c712cd66-92d4-11e9-93ad-000d3a74c7de.jpg;c712cd66-92d4-11e9-93ad-000d3a74c7de;leopardus pardalis;bol;1;10
c712cd68-92d4-11e9-b53b-000d3a74c7de.jpg;c712cd68-92d4-11e9-b53b-000d3a74c7de;leopardus pardalis;bol;1;10
c712cd6a-92d4-11e9-9c46-000d3a74c7de.jpg;c712cd6a-92d4-11e9-9c46-000d3a74c7de;cuniculus paca;bol;1;4
c712f475-92d4-11e9-a1d6-000d3a74c7de.jpg;c712f475-92d4-11e9-a1d6-000d3a74c7de;leopardus pardalis;bol;1;10
c712f477-92d4-11e9-9bde-000d3a74c7de.jpg;c712f477-92d4-11e9-9bde-000d3a74c7de;mazama americana;bol;1;9
c712f479-92d4-11e9-8a8d-000d3a74c7de.jpg;c712f479-92d4-11e9-8a8d-000d3a74c7de;mazama americana;bol;1;9
c7131b88-92d4-11e9-8860-000d3a74c7de.jpg;c7131b88-92d4-11e9-8860-000d3a74c7de;cuniculus paca;bol;1;4
c7131b8a-92d4-11e9-85a1-000d3a74c7de.jpg;c7131b8a-92d4-11e9-85a1-000d3a74c7de;tapirus terrestris;bol;1;7
c7131b8c-92d4-11e9-b0e6-000d3a74c7de.jpg;c7131b8c-92d4-11e9-b0e6-000d3a74c7de;cuniculus paca;bol;1;4
c7131b8e-92d4-11e9-8fc0-000d3a74c7de.jpg;c7131b8e-92d4-11e9-8fc0-000d3a74c7de;didelphis marsupialis;bol;1;16
c7134299-92d4-11e9-8e9e-000d3a74c7de.jpg;c7134299-92d4-11e9-8e9e-000d3a74c7de;ortalis sp;bol;1;22
c713429b-92d4-11e9-850a-000d3a74c7de.jpg;c713429b-92d4-11e9-850a-000d3a74c7de;leptotila sp;bol;1;23
c713429d-92d4-11e9-a098-000d3a74c7de.jpg;c713429d-92d4-11e9-a098-000d3a74c7de;leptotila sp;bol;1;23
c71369a6-92d4-11e9-8fb4-000d3a74c7de.jpg;c71369a6-92d4-11e9-8fb4-000d3a74c7de;leptotila sp;bol;1;23
c71369a8-92d4-11e9-afa2-000d3a74c7de.jpg;c71369a8-92d4-11e9-afa2-000d3a74c7de;leopardus pardalis;bol;1;10
c71369aa-92d4-11e9-a7b7-000d3a74c7de.jpg;c71369aa-92d4-11e9-a7b7-000d3a74c7de;panthera onca;bol;1;24
c71369ac-92d4-11e9-b049-000d3a74c7de.jpg;c71369ac-92d4-11e9-b049-000d3a74c7de;myrmecophaga tridactyla;bol;1;25
c71390a6-92d4-11e9-ba81-000d3a74c7de.jpg;c71390a6-92d4-11e9-ba81-000d3a74c7de;pecari tajacu;bol;1;8
c71390a8-92d4-11e9-8627-000d3a74c7de.jpg;c71390a8-92d4-11e9-8627-000d3a74c7de;dasypus novemcinctus;bol;1;14
c71390aa-92d4-11e9-99ec-000d3a74c7de.jpg;c71390aa-92d4-11e9-99ec-000d3a74c7de;pecari tajacu;bol;1;8
c713b7b8-92d4-11e9-975b-000d3a74c7de.jpg;c713b7b8-92d4-11e9-975b-000d3a74c7de;myrmecophaga tridactyla;bol;1;25
c713b7ba-92d4-11e9-ba8e-000d3a74c7de.jpg;c713b7ba-92d4-11e9-ba8e-000d3a74c7de;cuniculus paca;bol;1;4
c713b7bc-92d4-11e9-8103-000d3a74c7de.jpg;c713b7bc-92d4-11e9-8103-000d3a74c7de;tapirus terrestris;bol;1;7
c713b7be-92d4-11e9-8ef4-000d3a74c7de.jpg;c713b7be-92d4-11e9-8ef4-000d3a74c7de;dasyprocta punctata;bol;1;3
c713dec8-92d4-11e9-a35c-000d3a74c7de.jpg;c713dec8-92d4-11e9-a35c-000d3a74c7de;sciurus spadiceus;bol;1;5
c713deca-92d4-11e9-8c38-000d3a74c7de.jpg;c713deca-92d4-11e9-8c38-000d3a74c7de;dasyprocta punctata;bol;1;3
c713decc-92d4-11e9-9f50-000d3a74c7de.jpg;c713decc-92d4-11e9-9f50-000d3a74c7de;eira barbara;bol;1;15
c71405dc-92d4-11e9-94f7-000d3a74c7de.jpg;c71405dc-92d4-11e9-94f7-000d3a74c7de;leopardus pardalis;bol;1;10
c71405de-92d4-11e9-abb9-000d3a74c7de.jpg;c71405de-92d4-11e9-abb9-000d3a74c7de;psophia leucoptera;bol;1;1
c71405e0-92d4-11e9-91c4-000d3a74c7de.jpg;c71405e0-92d4-11e9-91c4-000d3a74c7de;pecari tajacu;bol;1;8
c71405e2-92d4-11e9-a89d-000d3a74c7de.jpg;c71405e2-92d4-11e9-a89d-000d3a74c7de;psophia leucoptera;bol;1;1
c7142ce8-92d4-11e9-85d0-000d3a74c7de.jpg;c7142ce8-92d4-11e9-85d0-000d3a74c7de;didelphis marsupialis;bol;1;16
c7142cea-92d4-11e9-8564-000d3a74c7de.jpg;c7142cea-92d4-11e9-8564-000d3a74c7de;sciurus spadiceus;bol;1;5
c7142cec-92d4-11e9-ab9f-000d3a74c7de.jpg;c7142cec-92d4-11e9-ab9f-000d3a74c7de;psophia leucoptera;bol;1;1
c7142cee-92d4-11e9-a87a-000d3a74c7de.jpg;c7142cee-92d4-11e9-a87a-000d3a74c7de;cuniculus paca;bol;1;4
c71453f9-92d4-11e9-b342-000d3a74c7de.jpg;c71453f9-92d4-11e9-b342-000d3a74c7de;psophia leucoptera;bol;1;1
c71453fb-92d4-11e9-a265-000d3a74c7de.jpg;c71453fb-92d4-11e9-a265-000d3a74c7de;tinamus major;bol;1;26
c71453fd-92d4-11e9-86bb-000d3a74c7de.jpg;c71453fd-92d4-11e9-86bb-000d3a74c7de;tayassu pecari;bol;1;2
c7147b0a-92d4-11e9-ad6c-000d3a74c7de.jpg;c7147b0a-92d4-11e9-ad6c-000d3a74c7de;tayassu pecari;bol;1;2
c7147b0c-92d4-11e9-a2fc-000d3a74c7de.jpg;c7147b0c-92d4-11e9-a2fc-000d3a74c7de;tayassu pecari;bol;1;2
c7147b0e-92d4-11e9-b380-000d3a74c7de.jpg;c7147b0e-92d4-11e9-b380-000d3a74c7de;tayassu pecari;bol;1;2
c7147b10-92d4-11e9-91de-000d3a74c7de.jpg;c7147b10-92d4-11e9-91de-000d3a74c7de;dasyprocta punctata;bol;1;3
c714a229-92d4-11e9-8cb3-000d3a74c7de.jpg;c714a229-92d4-11e9-8cb3-000d3a74c7de;mitu tuberosum;bol;1;11
c714a22b-92d4-11e9-a051-000d3a74c7de.jpg;c714a22b-92d4-11e9-a051-000d3a74c7de;psophia leucoptera;bol;1;1
c714a22d-92d4-11e9-bc52-000d3a74c7de.jpg;c714a22d-92d4-11e9-bc52-000d3a74c7de;nasua nasua;bol;1;13
c714a22f-92d4-11e9-8a4d-000d3a74c7de.jpg;c714a22f-92d4-11e9-8a4d-000d3a74c7de;nasua nasua;bol;1;13
c714c943-92d4-11e9-9aad-000d3a74c7de.jpg;c714c943-92d4-11e9-9aad-000d3a74c7de;dasyprocta punctata;bol;1;3
c714c945-92d4-11e9-a9ca-000d3a74c7de.jpg;c714c945-92d4-11e9-a9ca-000d3a74c7de;dasypus novemcinctus;bol;1;14
c714c947-92d4-11e9-8566-000d3a74c7de.jpg;c714c947-92d4-11e9-8566-000d3a74c7de;dasyprocta punctata;bol;1;3
c714f04a-92d4-11e9-9d05-000d3a74c7de.jpg;c714f04a-92d4-11e9-9d05-000d3a74c7de;dasyprocta punctata;bol;1;3
c714f04c-92d4-11e9-afcb-000d3a74c7de.jpg;c714f04c-92d4-11e9-afcb-000d3a74c7de;dasyprocta punctata;bol;1;3
c714f04e-92d4-11e9-9d52-000d3a74c7de.jpg;c714f04e-92d4-11e9-9d52-000d3a74c7de;dasyprocta punctata;bol;1;3
c714f050-92d4-11e9-85fe-000d3a74c7de.jpg;c714f050-92d4-11e9-85fe-000d3a74c7de;tayassu pecari;bol;1;2
c715181d-92d4-11e9-8a14-000d3a74c7de.jpg;c715181d-92d4-11e9-8a14-000d3a74c7de;tinamus major;bol;1;26
c715181f-92d4-11e9-b2fc-000d3a74c7de.jpg;c715181f-92d4-11e9-b2fc-000d3a74c7de;tayassu pecari;bol;1;2
c7151821-92d4-11e9-a5f4-000d3a74c7de.jpg;c7151821-92d4-11e9-a5f4-000d3a74c7de;tayassu pecari;bol;1;2
c7153e47-92d4-11e9-8863-000d3a74c7de.jpg;c7153e47-92d4-11e9-8863-000d3a74c7de;tayassu pecari;bol;1;2
c7153e49-92d4-11e9-b50f-000d3a74c7de.jpg;c7153e49-92d4-11e9-b50f-000d3a74c7de;dasyprocta punctata;bol;1;3
c7153e4b-92d4-11e9-b692-000d3a74c7de.jpg;c7153e4b-92d4-11e9-b692-000d3a74c7de;dasyprocta punctata;bol;1;3
c71565a8-92d4-11e9-b1be-000d3a74c7de.jpg;c71565a8-92d4-11e9-b1be-000d3a74c7de;mitu tuberosum;bol;1;11
c71565aa-92d4-11e9-a19f-000d3a74c7de.jpg;c71565aa-92d4-11e9-a19f-000d3a74c7de;pilherodius pileatus;bol;1;27
c71565ac-92d4-11e9-99c5-000d3a74c7de.jpg;c71565ac-92d4-11e9-99c5-000d3a74c7de;dasyprocta punctata;bol;1;3
c71565ae-92d4-11e9-a4f2-000d3a74c7de.jpg;c71565ae-92d4-11e9-a4f2-000d3a74c7de;dasyprocta punctata;bol;1;3
c7158ca5-92d4-11e9-800e-000d3a74c7de.jpg;c7158ca5-92d4-11e9-800e-000d3a74c7de;pilherodius pileatus;bol;1;27
c7158ca7-92d4-11e9-a132-000d3a74c7de.jpg;c7158ca7-92d4-11e9-a132-000d3a74c7de;eira barbara;bol;1;15
c7158ca9-92d4-11e9-a762-000d3a74c7de.jpg;c7158ca9-92d4-11e9-a762-000d3a74c7de;cuniculus paca;bol;1;4
c715b3de-92d4-11e9-9679-000d3a74c7de.jpg;c715b3de-92d4-11e9-9679-000d3a74c7de;hydrochoerus hydrochaeris;bol;1;28
c715b3e0-92d4-11e9-b805-000d3a74c7de.jpg;c715b3e0-92d4-11e9-b805-000d3a74c7de;tayassu pecari;bol;1;2
c715b3e2-92d4-11e9-94a7-000d3a74c7de.jpg;c715b3e2-92d4-11e9-94a7-000d3a74c7de;tayassu pecari;bol;1;2
c715dae8-92d4-11e9-b5c5-000d3a74c7de.jpg;c715dae8-92d4-11e9-b5c5-000d3a74c7de;tayassu pecari;bol;1;2
c715daea-92d4-11e9-ba89-000d3a74c7de.jpg;c715daea-92d4-11e9-ba89-000d3a74c7de;tayassu pecari;bol;1;2
c715daec-92d4-11e9-aff2-000d3a74c7de.jpg;c715daec-92d4-11e9-aff2-000d3a74c7de;tayassu pecari;bol;1;2
c715daee-92d4-11e9-b47c-000d3a74c7de.jpg;c715daee-92d4-11e9-b47c-000d3a74c7de;cuniculus paca;bol;1;4
c71601fb-92d4-11e9-964a-000d3a74c7de.jpg;c71601fb-92d4-11e9-964a-000d3a74c7de;tinamus major;bol;1;26
c71601fd-92d4-11e9-a23b-000d3a74c7de.jpg;c71601fd-92d4-11e9-a23b-000d3a74c7de;mazama americana;bol;1;9
c71601ff-92d4-11e9-b340-000d3a74c7de.jpg;c71601ff-92d4-11e9-b340-000d3a74c7de;odontophorus gujanensis;bol;1;29
c716290c-92d4-11e9-8a0d-000d3a74c7de.jpg;c716290c-92d4-11e9-8a0d-000d3a74c7de;odontophorus gujanensis;bol;1;29
c716290e-92d4-11e9-b265-000d3a74c7de.jpg;c716290e-92d4-11e9-b265-000d3a74c7de;nasua nasua;bol;1;13
c7162910-92d4-11e9-8880-000d3a74c7de.jpg;c7162910-92d4-11e9-8880-000d3a74c7de;crypturellus cinereus;bol;1;30
c7162912-92d4-11e9-8773-000d3a74c7de.jpg;c7162912-92d4-11e9-8773-000d3a74c7de;crypturellus sp;bol;1;31
c7165014-92d4-11e9-b824-000d3a74c7de.jpg;c7165014-92d4-11e9-b824-000d3a74c7de;sylvilagus brasiliensis;bol;1;32
c7165016-92d4-11e9-9f0b-000d3a74c7de.jpg;c7165016-92d4-11e9-9f0b-000d3a74c7de;mitu tuberosum;bol;1;11
c7165018-92d4-11e9-8cea-000d3a74c7de.jpg;c7165018-92d4-11e9-8cea-000d3a74c7de;mitu tuberosum;bol;1;11
c716501a-92d4-11e9-8306-000d3a74c7de.jpg;c716501a-92d4-11e9-8306-000d3a74c7de;leopardus pardalis;bol;1;10
c716501c-92d4-11e9-bb3b-000d3a74c7de.jpg;c716501c-92d4-11e9-bb3b-000d3a74c7de;sylvilagus brasiliensis;bol;1;32
c716501e-92d4-11e9-9892-000d3a74c7de.jpg;c716501e-92d4-11e9-9892-000d3a74c7de;aramides cajaneus;bol;1;21
c7165020-92d4-11e9-8780-000d3a74c7de.jpg;c7165020-92d4-11e9-8780-000d3a74c7de;mazama americana;bol;1;9
c7165022-92d4-11e9-b208-000d3a74c7de.jpg;c7165022-92d4-11e9-b208-000d3a74c7de;mitu tuberosum;bol;1;11
c7165024-92d4-11e9-b074-000d3a74c7de.jpg;c7165024-92d4-11e9-b074-000d3a74c7de;mesembrinibis cayennensis;bol;1;33
c7165026-92d4-11e9-a772-000d3a74c7de.jpg;c7165026-92d4-11e9-a772-000d3a74c7de;mitu tuberosum;bol;1;11
c7165028-92d4-11e9-9c0a-000d3a74c7de.jpg;c7165028-92d4-11e9-9c0a-000d3a74c7de;penelope jacquacu;bol;1;17
c716502a-92d4-11e9-85fa-000d3a74c7de.jpg;c716502a-92d4-11e9-85fa-000d3a74c7de;tapirus terrestris;bol;1;7
c716502c-92d4-11e9-85b7-000d3a74c7de.jpg;c716502c-92d4-11e9-85b7-000d3a74c7de;mitu tuberosum;bol;1;11
c716502e-92d4-11e9-8b37-000d3a74c7de.jpg;c716502e-92d4-11e9-8b37-000d3a74c7de;mitu tuberosum;bol;1;11
c7165030-92d4-11e9-ba94-000d3a74c7de.jpg;c7165030-92d4-11e9-ba94-000d3a74c7de;mazama americana;bol;1;9
c7165032-92d4-11e9-8259-000d3a74c7de.jpg;c7165032-92d4-11e9-8259-000d3a74c7de;mazama americana;bol;1;9
c7165034-92d4-11e9-a60b-000d3a74c7de.jpg;c7165034-92d4-11e9-a60b-000d3a74c7de;crypturellus sp;bol;1;31
c7165036-92d4-11e9-b20a-000d3a74c7de.jpg;c7165036-92d4-11e9-b20a-000d3a74c7de;turdus ignobilis;bol;1;34
c7165038-92d4-11e9-8725-000d3a74c7de.jpg;c7165038-92d4-11e9-8725-000d3a74c7de;mitu tuberosum;bol;1;11
c716503a-92d4-11e9-a2e6-000d3a74c7de.jpg;c716503a-92d4-11e9-a2e6-000d3a74c7de;nasua nasua;bol;1;13
c716503c-92d4-11e9-abdc-000d3a74c7de.jpg;c716503c-92d4-11e9-abdc-000d3a74c7de;tayassu pecari;bol;1;2
c716503e-92d4-11e9-bc92-000d3a74c7de.jpg;c716503e-92d4-11e9-bc92-000d3a74c7de;tayassu pecari;bol;1;2
c7165040-92d4-11e9-b609-000d3a74c7de.jpg;c7165040-92d4-11e9-b609-000d3a74c7de;cuniculus paca;bol;1;4
c7165042-92d4-11e9-a112-000d3a74c7de.jpg;c7165042-92d4-11e9-a112-000d3a74c7de;pecari tajacu;bol;1;8
c7175fe4-92d4-11e9-9881-000d3a74c7de.jpg;c7175fe4-92d4-11e9-9881-000d3a74c7de;psophia leucoptera;bol;1;1
c7175fe6-92d4-11e9-bfee-000d3a74c7de.jpg;c7175fe6-92d4-11e9-bfee-000d3a74c7de;nasua nasua;bol;1;13
c7175fe8-92d4-11e9-a7c3-000d3a74c7de.jpg;c7175fe8-92d4-11e9-a7c3-000d3a74c7de;dasyprocta punctata;bol;1;3
c7175fea-92d4-11e9-9bc4-000d3a74c7de.jpg;c7175fea-92d4-11e9-9bc4-000d3a74c7de;dasypus novemcinctus;bol;1;14
c7175fec-92d4-11e9-bb0a-000d3a74c7de.jpg;c7175fec-92d4-11e9-bb0a-000d3a74c7de;psophia leucoptera;bol;1;1
c7179519-92d4-11e9-85cb-000d3a74c7de.jpg;c7179519-92d4-11e9-85cb-000d3a74c7de;dasyprocta punctata;bol;1;3
c717951b-92d4-11e9-a669-000d3a74c7de.jpg;c717951b-92d4-11e9-a669-000d3a74c7de;eira barbara;bol;1;15
c717acd5-92d4-11e9-a441-000d3a74c7de.jpg;c717acd5-92d4-11e9-a441-000d3a74c7de;pecari tajacu;bol;1;8
c717acd7-92d4-11e9-bcfd-000d3a74c7de.jpg;c717acd7-92d4-11e9-bcfd-000d3a74c7de;psophia leucoptera;bol;1;1
c717acd9-92d4-11e9-b00c-000d3a74c7de.jpg;c717acd9-92d4-11e9-b00c-000d3a74c7de;psophia leucoptera;bol;1;1
c717d31c-92d4-11e9-95cd-000d3a74c7de.jpg;c717d31c-92d4-11e9-95cd-000d3a74c7de;dasyprocta punctata;bol;1;3
c717d31e-92d4-11e9-b7f6-000d3a74c7de.jpg;c717d31e-92d4-11e9-b7f6-000d3a74c7de;cuniculus paca;bol;1;4
c717d320-92d4-11e9-9d5a-000d3a74c7de.jpg;c717d320-92d4-11e9-9d5a-000d3a74c7de;psophia leucoptera;bol;1;1
c717fa1a-92d4-11e9-9b98-000d3a74c7de.jpg;c717fa1a-92d4-11e9-9b98-000d3a74c7de;tayassu pecari;bol;1;2
c717fa1c-92d4-11e9-a535-000d3a74c7de.jpg;c717fa1c-92d4-11e9-a535-000d3a74c7de;tayassu pecari;bol;1;2
c717fa1e-92d4-11e9-9871-000d3a74c7de.jpg;c717fa1e-92d4-11e9-9871-000d3a74c7de;tayassu pecari;bol;1;2
c717fa20-92d4-11e9-9556-000d3a74c7de.jpg;c717fa20-92d4-11e9-9556-000d3a74c7de;psophia leucoptera;bol;1;1
c7182150-92d4-11e9-8027-000d3a74c7de.jpg;c7182150-92d4-11e9-8027-000d3a74c7de;psophia leucoptera;bol;1;1
c7182152-92d4-11e9-8ea1-000d3a74c7de.jpg;c7182152-92d4-11e9-8ea1-000d3a74c7de;mitu tuberosum;bol;1;11
c7182154-92d4-11e9-88be-000d3a74c7de.jpg;c7182154-92d4-11e9-88be-000d3a74c7de;psophia leucoptera;bol;1;1
c7184850-92d4-11e9-bc5c-000d3a74c7de.jpg;c7184850-92d4-11e9-bc5c-000d3a74c7de;nasua nasua;bol;1;13
c7184852-92d4-11e9-aa90-000d3a74c7de.jpg;c7184852-92d4-11e9-aa90-000d3a74c7de;nasua nasua;bol;1;13
c7184854-92d4-11e9-ac2c-000d3a74c7de.jpg;c7184854-92d4-11e9-ac2c-000d3a74c7de;psophia leucoptera;bol;1;1
c7184856-92d4-11e9-b358-000d3a74c7de.jpg;c7184856-92d4-11e9-b358-000d3a74c7de;psophia leucoptera;bol;1;1
c7186f8c-92d4-11e9-83e7-000d3a74c7de.jpg;c7186f8c-92d4-11e9-83e7-000d3a74c7de;mitu tuberosum;bol;1;11
c7186f8e-92d4-11e9-ba26-000d3a74c7de.jpg;c7186f8e-92d4-11e9-ba26-000d3a74c7de;mitu tuberosum;bol;1;11
c7186f90-92d4-11e9-b170-000d3a74c7de.jpg;c7186f90-92d4-11e9-b170-000d3a74c7de;dasyprocta punctata;bol;1;3
c7189680-92d4-11e9-a195-000d3a74c7de.jpg;c7189680-92d4-11e9-a195-000d3a74c7de;mitu tuberosum;bol;1;11
c7189682-92d4-11e9-b13d-000d3a74c7de.jpg;c7189682-92d4-11e9-b13d-000d3a74c7de;dasypus kappleri;bol;1;35
c7189684-92d4-11e9-b9de-000d3a74c7de.jpg;c7189684-92d4-11e9-b9de-000d3a74c7de;cuniculus paca;bol;1;4
c7189686-92d4-11e9-bfa1-000d3a74c7de.jpg;c7189686-92d4-11e9-bfa1-000d3a74c7de;cuniculus paca;bol;1;4
c718bd9c-92d4-11e9-8c04-000d3a74c7de.jpg;c718bd9c-92d4-11e9-8c04-000d3a74c7de;dasyprocta punctata;bol;1;3
c718bd9e-92d4-11e9-afb3-000d3a74c7de.jpg;c718bd9e-92d4-11e9-afb3-000d3a74c7de;dasyprocta punctata;bol;1;3
c718bda0-92d4-11e9-99da-000d3a74c7de.jpg;c718bda0-92d4-11e9-99da-000d3a74c7de;mazama americana;bol;1;9
c718e546-92d4-11e9-aea8-000d3a74c7de.jpg;c718e546-92d4-11e9-aea8-000d3a74c7de;mazama americana;bol;1;9
c718e548-92d4-11e9-bee5-000d3a74c7de.jpg;c718e548-92d4-11e9-bee5-000d3a74c7de;sciurus spadiceus;bol;1;5
c718e54a-92d4-11e9-9fee-000d3a74c7de.jpg;c718e54a-92d4-11e9-9fee-000d3a74c7de;mazama americana;bol;1;9
c718e54c-92d4-11e9-9d89-000d3a74c7de.jpg;c718e54c-92d4-11e9-9d89-000d3a74c7de;mitu tuberosum;bol;1;11
c7190ba2-92d4-11e9-9a91-000d3a74c7de.jpg;c7190ba2-92d4-11e9-9a91-000d3a74c7de;tinamus major;bol;1;26
c7190ba4-92d4-11e9-9127-000d3a74c7de.jpg;c7190ba4-92d4-11e9-9127-000d3a74c7de;leopardus pardalis;bol;1;10
c7190ba6-92d4-11e9-900c-000d3a74c7de.jpg;c7190ba6-92d4-11e9-900c-000d3a74c7de;procyon cancrivorus;bol;1;20
c71932b6-92d4-11e9-99d3-000d3a74c7de.jpg;c71932b6-92d4-11e9-99d3-000d3a74c7de;cuniculus paca;bol;1;4
c71932b8-92d4-11e9-9129-000d3a74c7de.jpg;c71932b8-92d4-11e9-9129-000d3a74c7de;eurypyga helias;bol;1;36
c71932ba-92d4-11e9-87cc-000d3a74c7de.jpg;c71932ba-92d4-11e9-87cc-000d3a74c7de;cuniculus paca;bol;1;4
c71932bc-92d4-11e9-8302-000d3a74c7de.jpg;c71932bc-92d4-11e9-8302-000d3a74c7de;pecari tajacu;bol;1;8
c71959b8-92d4-11e9-82ed-000d3a74c7de.jpg;c71959b8-92d4-11e9-82ed-000d3a74c7de;cuniculus paca;bol;1;4
c71959ba-92d4-11e9-bb82-000d3a74c7de.jpg;c71959ba-92d4-11e9-bb82-000d3a74c7de;dasyprocta punctata;bol;1;3
c71959bc-92d4-11e9-adca-000d3a74c7de.jpg;c71959bc-92d4-11e9-adca-000d3a74c7de;priodontes maximus;bol;1;37
c7198108-92d4-11e9-81b5-000d3a74c7de.jpg;c7198108-92d4-11e9-81b5-000d3a74c7de;dasyprocta punctata;bol;1;3
c719810a-92d4-11e9-9d83-000d3a74c7de.jpg;c719810a-92d4-11e9-9d83-000d3a74c7de;mitu tuberosum;bol;1;11
c719810c-92d4-11e9-915f-000d3a74c7de.jpg;c719810c-92d4-11e9-915f-000d3a74c7de;mitu tuberosum;bol;1;11
c719810e-92d4-11e9-b89f-000d3a74c7de.jpg;c719810e-92d4-11e9-b89f-000d3a74c7de;mitu tuberosum;bol;1;11
c719a7f6-92d4-11e9-90f0-000d3a74c7de.jpg;c719a7f6-92d4-11e9-90f0-000d3a74c7de;tayassu pecari;bol;1;2
c719a7f8-92d4-11e9-8171-000d3a74c7de.jpg;c719a7f8-92d4-11e9-8171-000d3a74c7de;tayassu pecari;bol;1;2
c719a7fa-92d4-11e9-9454-000d3a74c7de.jpg;c719a7fa-92d4-11e9-9454-000d3a74c7de;cuniculus paca;bol;1;4
c719cf28-92d4-11e9-a812-000d3a74c7de.jpg;c719cf28-92d4-11e9-a812-000d3a74c7de;cuniculus paca;bol;1;4
c719cf2a-92d4-11e9-b9ee-000d3a74c7de.jpg;c719cf2a-92d4-11e9-b9ee-000d3a74c7de;cuniculus paca;bol;1;4
c719cf2c-92d4-11e9-9bb4-000d3a74c7de.jpg;c719cf2c-92d4-11e9-9bb4-000d3a74c7de;cuniculus paca;bol;1;4
c719cf2e-92d4-11e9-8032-000d3a74c7de.jpg;c719cf2e-92d4-11e9-8032-000d3a74c7de;dasyprocta punctata;bol;1;3
c719f64d-92d4-11e9-822b-000d3a74c7de.jpg;c719f64d-92d4-11e9-822b-000d3a74c7de;dasyprocta punctata;bol;1;3
c719f64f-92d4-11e9-9231-000d3a74c7de.jpg;c719f64f-92d4-11e9-9231-000d3a74c7de;cuniculus paca;bol;1;4
c719f651-92d4-11e9-b66a-000d3a74c7de.jpg;c719f651-92d4-11e9-b66a-000d3a74c7de;sciurus spadiceus;bol;1;5
c71a1da2-92d4-11e9-a6f1-000d3a74c7de.jpg;c71a1da2-92d4-11e9-a6f1-000d3a74c7de;mazama americana;bol;1;9
c71a1da4-92d4-11e9-b1f8-000d3a74c7de.jpg;c71a1da4-92d4-11e9-b1f8-000d3a74c7de;tayassu pecari;bol;1;2
c71a1da6-92d4-11e9-9a72-000d3a74c7de.jpg;c71a1da6-92d4-11e9-9a72-000d3a74c7de;tayassu pecari;bol;1;2
c71a1da8-92d4-11e9-add4-000d3a74c7de.jpg;c71a1da8-92d4-11e9-add4-000d3a74c7de;tayassu pecari;bol;1;2
c71a4536-92d4-11e9-b270-000d3a74c7de.jpg;c71a4536-92d4-11e9-b270-000d3a74c7de;tayassu pecari;bol;1;2
c71a4538-92d4-11e9-be74-000d3a74c7de.jpg;c71a4538-92d4-11e9-be74-000d3a74c7de;tamandua tetradactyla;bol;1;38
c71a453a-92d4-11e9-99e6-000d3a74c7de.jpg;c71a453a-92d4-11e9-99e6-000d3a74c7de;sciurus spadiceus;bol;1;5
c71a6b3e-92d4-11e9-9cb5-000d3a74c7de.jpg;c71a6b3e-92d4-11e9-9cb5-000d3a74c7de;psophia leucoptera;bol;1;1
c71a6b40-92d4-11e9-a41e-000d3a74c7de.jpg;c71a6b40-92d4-11e9-a41e-000d3a74c7de;nasua nasua;bol;1;13
c71a6b42-92d4-11e9-9189-000d3a74c7de.jpg;c71a6b42-92d4-11e9-9189-000d3a74c7de;mitu tuberosum;bol;1;11
c71a6b44-92d4-11e9-9174-000d3a74c7de.jpg;c71a6b44-92d4-11e9-9174-000d3a74c7de;tayassu pecari;bol;1;2
c71a9249-92d4-11e9-b35b-000d3a74c7de.jpg;c71a9249-92d4-11e9-b35b-000d3a74c7de;tinamus major;bol;1;26
c71a924b-92d4-11e9-b5f7-000d3a74c7de.jpg;c71a924b-92d4-11e9-b5f7-000d3a74c7de;tayassu pecari;bol;1;2
c71a924d-92d4-11e9-a1f3-000d3a74c7de.jpg;c71a924d-92d4-11e9-a1f3-000d3a74c7de;tayassu pecari;bol;1;2
c71ab9ae-92d4-11e9-8778-000d3a74c7de.jpg;c71ab9ae-92d4-11e9-8778-000d3a74c7de;cuniculus paca;bol;1;4
c71ab9b0-92d4-11e9-80e5-000d3a74c7de.jpg;c71ab9b0-92d4-11e9-80e5-000d3a74c7de;pecari tajacu;bol;1;8
c71ab9b2-92d4-11e9-850d-000d3a74c7de.jpg;c71ab9b2-92d4-11e9-850d-000d3a74c7de;pecari tajacu;bol;1;8
c71ab9b4-92d4-11e9-896f-000d3a74c7de.jpg;c71ab9b4-92d4-11e9-896f-000d3a74c7de;cuniculus paca;bol;1;4
c71ae09d-92d4-11e9-bba7-000d3a74c7de.jpg;c71ae09d-92d4-11e9-bba7-000d3a74c7de;leopardus pardalis;bol;1;10
c71ae09f-92d4-11e9-9a36-000d3a74c7de.jpg;c71ae09f-92d4-11e9-9a36-000d3a74c7de;pecari tajacu;bol;1;8
c71ae0a1-92d4-11e9-8e80-000d3a74c7de.jpg;c71ae0a1-92d4-11e9-8e80-000d3a74c7de;pecari tajacu;bol;1;8
c71b0790-92d4-11e9-b83b-000d3a74c7de.jpg;c71b0790-92d4-11e9-b83b-000d3a74c7de;tayassu pecari;bol;1;2
c71b0792-92d4-11e9-8120-000d3a74c7de.jpg;c71b0792-92d4-11e9-8120-000d3a74c7de;pecari tajacu;bol;1;8
c71b0794-92d4-11e9-a663-000d3a74c7de.jpg;c71b0794-92d4-11e9-a663-000d3a74c7de;mazama americana;bol;1;9
c71b0796-92d4-11e9-ba81-000d3a74c7de.jpg;c71b0796-92d4-11e9-ba81-000d3a74c7de;tayassu pecari;bol;1;2
c71b2e8d-92d4-11e9-b8a0-000d3a74c7de.jpg;c71b2e8d-92d4-11e9-b8a0-000d3a74c7de;mazama americana;bol;1;9
c71b2e8f-92d4-11e9-a541-000d3a74c7de.jpg;c71b2e8f-92d4-11e9-a541-000d3a74c7de;pecari tajacu;bol;1;8
c71b2e91-92d4-11e9-8fda-000d3a74c7de.jpg;c71b2e91-92d4-11e9-8fda-000d3a74c7de;leptotila sp;bol;1;23
c71b55f8-92d4-11e9-8c50-000d3a74c7de.jpg;c71b55f8-92d4-11e9-8c50-000d3a74c7de;cuniculus paca;bol;1;4
c71b55fa-92d4-11e9-8f3b-000d3a74c7de.jpg;c71b55fa-92d4-11e9-8f3b-000d3a74c7de;dasyprocta punctata;bol;1;3
c71b55fc-92d4-11e9-9798-000d3a74c7de.jpg;c71b55fc-92d4-11e9-9798-000d3a74c7de;dasyprocta punctata;bol;1;3
c71b55fe-92d4-11e9-9e3f-000d3a74c7de.jpg;c71b55fe-92d4-11e9-9e3f-000d3a74c7de;dasyprocta punctata;bol;1;3
c71b7ca5-92d4-11e9-88bc-000d3a74c7de.jpg;c71b7ca5-92d4-11e9-88bc-000d3a74c7de;dasyprocta punctata;bol;1;3
c71b7ca7-92d4-11e9-ad5d-000d3a74c7de.jpg;c71b7ca7-92d4-11e9-ad5d-000d3a74c7de;cuniculus paca;bol;1;4
c71b7ca9-92d4-11e9-8f9b-000d3a74c7de.jpg;c71b7ca9-92d4-11e9-8f9b-000d3a74c7de;dasyprocta punctata;bol;1;3
c71ba398-92d4-11e9-99e0-000d3a74c7de.jpg;c71ba398-92d4-11e9-99e0-000d3a74c7de;leptotila sp;bol;1;23
c71ba39a-92d4-11e9-9410-000d3a74c7de.jpg;c71ba39a-92d4-11e9-9410-000d3a74c7de;leptotila sp;bol;1;23
c71ba39c-92d4-11e9-924b-000d3a74c7de.jpg;c71ba39c-92d4-11e9-924b-000d3a74c7de;cuniculus paca;bol;1;4
c71ba39e-92d4-11e9-8129-000d3a74c7de.jpg;c71ba39e-92d4-11e9-8129-000d3a74c7de;leptotila sp;bol;1;23
c71bcad9-92d4-11e9-b928-000d3a74c7de.jpg;c71bcad9-92d4-11e9-b928-000d3a74c7de;leptotila sp;bol;1;23
c71bcadb-92d4-11e9-b567-000d3a74c7de.jpg;c71bcadb-92d4-11e9-b567-000d3a74c7de;cuniculus paca;bol;1;4
c71bcadd-92d4-11e9-951d-000d3a74c7de.jpg;c71bcadd-92d4-11e9-951d-000d3a74c7de;tayassu pecari;bol;1;2
c71bf1d8-92d4-11e9-b4a5-000d3a74c7de.jpg;c71bf1d8-92d4-11e9-b4a5-000d3a74c7de;mazama americana;bol;1;9
c71bf1da-92d4-11e9-85d5-000d3a74c7de.jpg;c71bf1da-92d4-11e9-85d5-000d3a74c7de;puma concolor;bol;1;6
c71bf1dc-92d4-11e9-93e0-000d3a74c7de.jpg;c71bf1dc-92d4-11e9-93e0-000d3a74c7de;puma concolor;bol;1;6
c71bf1de-92d4-11e9-87e4-000d3a74c7de.jpg;c71bf1de-92d4-11e9-87e4-000d3a74c7de;mazama americana;bol;1;9
c71c1b74-92d4-11e9-8637-000d3a74c7de.jpg;c71c1b74-92d4-11e9-8637-000d3a74c7de;puma concolor;bol;1;6
c71c1b76-92d4-11e9-b88a-000d3a74c7de.jpg;c71c1b76-92d4-11e9-b88a-000d3a74c7de;tayassu pecari;bol;1;2
c71c1b78-92d4-11e9-b095-000d3a74c7de.jpg;c71c1b78-92d4-11e9-b095-000d3a74c7de;tayassu pecari;bol;1;2
c71c3ff0-92d4-11e9-86bb-000d3a74c7de.jpg;c71c3ff0-92d4-11e9-86bb-000d3a74c7de;tayassu pecari;bol;1;2
c71c3ff2-92d4-11e9-993c-000d3a74c7de.jpg;c71c3ff2-92d4-11e9-993c-000d3a74c7de;tayassu pecari;bol;1;2
c71c3ff4-92d4-11e9-a8ac-000d3a74c7de.jpg;c71c3ff4-92d4-11e9-a8ac-000d3a74c7de;tayassu pecari;bol;1;2
c71c3ff6-92d4-11e9-96ba-000d3a74c7de.jpg;c71c3ff6-92d4-11e9-96ba-000d3a74c7de;tayassu pecari;bol;1;2
c71c6707-92d4-11e9-b8b8-000d3a74c7de.jpg;c71c6707-92d4-11e9-b8b8-000d3a74c7de;tapirus terrestris;bol;1;7
c71c6709-92d4-11e9-8e68-000d3a74c7de.jpg;c71c6709-92d4-11e9-8e68-000d3a74c7de;psophia leucoptera;bol;1;1
c71c670b-92d4-11e9-ab0f-000d3a74c7de.jpg;c71c670b-92d4-11e9-ab0f-000d3a74c7de;pecari tajacu;bol;1;8
c71c8ee4-92d4-11e9-b07c-000d3a74c7de.jpg;c71c8ee4-92d4-11e9-b07c-000d3a74c7de;tayassu pecari;bol;1;2
c71c8ee6-92d4-11e9-9dc9-000d3a74c7de.jpg;c71c8ee6-92d4-11e9-9dc9-000d3a74c7de;tayassu pecari;bol;1;2
c71c8ee8-92d4-11e9-9b3e-000d3a74c7de.jpg;c71c8ee8-92d4-11e9-9b3e-000d3a74c7de;tayassu pecari;bol;1;2
c71c8eea-92d4-11e9-8b97-000d3a74c7de.jpg;c71c8eea-92d4-11e9-8b97-000d3a74c7de;tayassu pecari;bol;1;2
c71d2aae-92d4-11e9-b6ac-000d3a74c7de.jpg;c71d2aae-92d4-11e9-b6ac-000d3a74c7de;tayassu pecari;bol;1;2
c71d2ab0-92d4-11e9-89e8-000d3a74c7de.jpg;c71d2ab0-92d4-11e9-89e8-000d3a74c7de;tayassu pecari;bol;1;2
c71d51dc-92d4-11e9-b09b-000d3a74c7de.jpg;c71d51dc-92d4-11e9-b09b-000d3a74c7de;psophia leucoptera;bol;1;1
c71d51de-92d4-11e9-bf82-000d3a74c7de.jpg;c71d51de-92d4-11e9-bf82-000d3a74c7de;tayassu pecari;bol;1;2
c71d51e0-92d4-11e9-a237-000d3a74c7de.jpg;c71d51e0-92d4-11e9-a237-000d3a74c7de;tayassu pecari;bol;1;2
c71d78d8-92d4-11e9-b032-000d3a74c7de.jpg;c71d78d8-92d4-11e9-b032-000d3a74c7de;tayassu pecari;bol;1;2
c71d78da-92d4-11e9-8b38-000d3a74c7de.jpg;c71d78da-92d4-11e9-8b38-000d3a74c7de;tayassu pecari;bol;1;2
c71d78dc-92d4-11e9-8f81-000d3a74c7de.jpg;c71d78dc-92d4-11e9-8f81-000d3a74c7de;tayassu pecari;bol;1;2
c71d78de-92d4-11e9-a68c-000d3a74c7de.jpg;c71d78de-92d4-11e9-a68c-000d3a74c7de;tayassu pecari;bol;1;2
c71d9f89-92d4-11e9-8ec3-000d3a74c7de.jpg;c71d9f89-92d4-11e9-8ec3-000d3a74c7de;tayassu pecari;bol;1;2
c71d9f8b-92d4-11e9-b1b6-000d3a74c7de.jpg;c71d9f8b-92d4-11e9-b1b6-000d3a74c7de;tayassu pecari;bol;1;2
c71d9f8d-92d4-11e9-807e-000d3a74c7de.jpg;c71d9f8d-92d4-11e9-807e-000d3a74c7de;mitu tuberosum;bol;1;11
c71dc6b4-92d4-11e9-80a4-000d3a74c7de.jpg;c71dc6b4-92d4-11e9-80a4-000d3a74c7de;pecari tajacu;bol;1;8
c71dc6b6-92d4-11e9-b5a9-000d3a74c7de.jpg;c71dc6b6-92d4-11e9-b5a9-000d3a74c7de;tayassu pecari;bol;1;2
c71dc6b8-92d4-11e9-b52c-000d3a74c7de.jpg;c71dc6b8-92d4-11e9-b52c-000d3a74c7de;tayassu pecari;bol;1;2
c71dedc8-92d4-11e9-8572-000d3a74c7de.jpg;c71dedc8-92d4-11e9-8572-000d3a74c7de;puma concolor;bol;1;6
c71dedca-92d4-11e9-8871-000d3a74c7de.jpg;c71dedca-92d4-11e9-8871-000d3a74c7de;tapirus terrestris;bol;1;7
c71dedcc-92d4-11e9-9661-000d3a74c7de.jpg;c71dedcc-92d4-11e9-9661-000d3a74c7de;tapirus terrestris;bol;1;7
c71dedce-92d4-11e9-9c6b-000d3a74c7de.jpg;c71dedce-92d4-11e9-9c6b-000d3a74c7de;leopardus pardalis;bol;1;10
c71e14c1-92d4-11e9-b3e3-000d3a74c7de.jpg;c71e14c1-92d4-11e9-b3e3-000d3a74c7de;dasyprocta punctata;bol;1;3
c71e14c3-92d4-11e9-a6c4-000d3a74c7de.jpg;c71e14c3-92d4-11e9-a6c4-000d3a74c7de;procyon cancrivorus;bol;1;20
c71e14c5-92d4-11e9-be5c-000d3a74c7de.jpg;c71e14c5-92d4-11e9-be5c-000d3a74c7de;dasyprocta punctata;bol;1;3
c71e3bd8-92d4-11e9-a0a6-000d3a74c7de.jpg;c71e3bd8-92d4-11e9-a0a6-000d3a74c7de;eira barbara;bol;1;15
c71e3bda-92d4-11e9-b634-000d3a74c7de.jpg;c71e3bda-92d4-11e9-b634-000d3a74c7de;dasyprocta punctata;bol;1;3
c71e3bdc-92d4-11e9-be90-000d3a74c7de.jpg;c71e3bdc-92d4-11e9-be90-000d3a74c7de;procyon cancrivorus;bol;1;20
c71e3bde-92d4-11e9-8d85-000d3a74c7de.jpg;c71e3bde-92d4-11e9-8d85-000d3a74c7de;procyon cancrivorus;bol;1;20
c71e62e5-92d4-11e9-9cd7-000d3a74c7de.jpg;c71e62e5-92d4-11e9-9cd7-000d3a74c7de;mitu tuberosum;bol;1;11
c71e62e7-92d4-11e9-9150-000d3a74c7de.jpg;c71e62e7-92d4-11e9-9150-000d3a74c7de;procyon cancrivorus;bol;1;20
c71e62e9-92d4-11e9-a0af-000d3a74c7de.jpg;c71e62e9-92d4-11e9-a0af-000d3a74c7de;procyon cancrivorus;bol;1;20
c71e8a46-92d4-11e9-a355-000d3a74c7de.jpg;c71e8a46-92d4-11e9-a355-000d3a74c7de;puma concolor;bol;1;6
c71e8a48-92d4-11e9-8e26-000d3a74c7de.jpg;c71e8a48-92d4-11e9-8e26-000d3a74c7de;procyon cancrivorus;bol;1;20
c71e8a4a-92d4-11e9-ae35-000d3a74c7de.jpg;c71e8a4a-92d4-11e9-ae35-000d3a74c7de;procyon cancrivorus;bol;1;20
c71e8a4c-92d4-11e9-95c5-000d3a74c7de.jpg;c71e8a4c-92d4-11e9-95c5-000d3a74c7de;procyon cancrivorus;bol;1;20
c71eb14a-92d4-11e9-96f4-000d3a74c7de.jpg;c71eb14a-92d4-11e9-96f4-000d3a74c7de;tapirus terrestris;bol;1;7
c71eb14c-92d4-11e9-bb11-000d3a74c7de.jpg;c71eb14c-92d4-11e9-bb11-000d3a74c7de;dasyprocta punctata;bol;1;3
c71eb14e-92d4-11e9-8db1-000d3a74c7de.jpg;c71eb14e-92d4-11e9-8db1-000d3a74c7de;procyon cancrivorus;bol;1;20
c71ed876-92d4-11e9-b37f-000d3a74c7de.jpg;c71ed876-92d4-11e9-b37f-000d3a74c7de;dasyprocta punctata;bol;1;3
c71ed878-92d4-11e9-922a-000d3a74c7de.jpg;c71ed878-92d4-11e9-922a-000d3a74c7de;procyon cancrivorus;bol;1;20
c71ed87a-92d4-11e9-b566-000d3a74c7de.jpg;c71ed87a-92d4-11e9-b566-000d3a74c7de;leopardus pardalis;bol;1;10
c71ed87c-92d4-11e9-a139-000d3a74c7de.jpg;c71ed87c-92d4-11e9-a139-000d3a74c7de;procyon cancrivorus;bol;1;20
c71eff14-92d4-11e9-8c4b-000d3a74c7de.jpg;c71eff14-92d4-11e9-8c4b-000d3a74c7de;pilherodius pileatus;bol;1;27
c71eff16-92d4-11e9-b760-000d3a74c7de.jpg;c71eff16-92d4-11e9-b760-000d3a74c7de;procyon cancrivorus;bol;1;20
c71eff18-92d4-11e9-9c74-000d3a74c7de.jpg;c71eff18-92d4-11e9-9c74-000d3a74c7de;procyon cancrivorus;bol;1;20
c71f261e-92d4-11e9-896f-000d3a74c7de.jpg;c71f261e-92d4-11e9-896f-000d3a74c7de;agamia agami;bol;1;39
c71f2620-92d4-11e9-968f-000d3a74c7de.jpg;c71f2620-92d4-11e9-968f-000d3a74c7de;procyon cancrivorus;bol;1;20
c71f2622-92d4-11e9-a936-000d3a74c7de.jpg;c71f2622-92d4-11e9-a936-000d3a74c7de;procyon cancrivorus;bol;1;20
c71f2624-92d4-11e9-bb90-000d3a74c7de.jpg;c71f2624-92d4-11e9-bb90-000d3a74c7de;pilherodius pileatus;bol;1;27
c71f4d53-92d4-11e9-b30b-000d3a74c7de.jpg;c71f4d53-92d4-11e9-b30b-000d3a74c7de;agamia agami;bol;1;39
c71f4d55-92d4-11e9-837e-000d3a74c7de.jpg;c71f4d55-92d4-11e9-837e-000d3a74c7de;procyon cancrivorus;bol;1;20
c71f4d57-92d4-11e9-ab83-000d3a74c7de.jpg;c71f4d57-92d4-11e9-ab83-000d3a74c7de;procyon cancrivorus;bol;1;20
c71f7553-92d4-11e9-b84e-000d3a74c7de.jpg;c71f7553-92d4-11e9-b84e-000d3a74c7de;procyon cancrivorus;bol;1;20
c71f7555-92d4-11e9-a626-000d3a74c7de.jpg;c71f7555-92d4-11e9-a626-000d3a74c7de;procyon cancrivorus;bol;1;20
c71f9b63-92d4-11e9-a825-000d3a74c7de.jpg;c71f9b63-92d4-11e9-a825-000d3a74c7de;procyon cancrivorus;bol;1;20
c71f9b65-92d4-11e9-8017-000d3a74c7de.jpg;c71f9b65-92d4-11e9-8017-000d3a74c7de;procyon cancrivorus;bol;1;20
c71f9b67-92d4-11e9-8f30-000d3a74c7de.jpg;c71f9b67-92d4-11e9-8f30-000d3a74c7de;procyon cancrivorus;bol;1;20
c71fc292-92d4-11e9-b0cc-000d3a74c7de.jpg;c71fc292-92d4-11e9-b0cc-000d3a74c7de;mazama americana;bol;1;9
c71fc294-92d4-11e9-94bf-000d3a74c7de.jpg;c71fc294-92d4-11e9-94bf-000d3a74c7de;leopardus pardalis;bol;1;10
c71fc296-92d4-11e9-9a1d-000d3a74c7de.jpg;c71fc296-92d4-11e9-9a1d-000d3a74c7de;pecari tajacu;bol;1;8
c71fe976-92d4-11e9-a41a-000d3a74c7de.jpg;c71fe976-92d4-11e9-a41a-000d3a74c7de;mitu tuberosum;bol;1;11
c71fe978-92d4-11e9-a57b-000d3a74c7de.jpg;c71fe978-92d4-11e9-a57b-000d3a74c7de;nasua nasua;bol;1;13
c71fe97a-92d4-11e9-9c3c-000d3a74c7de.jpg;c71fe97a-92d4-11e9-9c3c-000d3a74c7de;mitu tuberosum;bol;1;11
c71fe97c-92d4-11e9-8e35-000d3a74c7de.jpg;c71fe97c-92d4-11e9-8e35-000d3a74c7de;mazama americana;bol;1;9
c72010e6-92d4-11e9-9bff-000d3a74c7de.jpg;c72010e6-92d4-11e9-9bff-000d3a74c7de;mazama americana;bol;1;9
c72010e8-92d4-11e9-8185-000d3a74c7de.jpg;c72010e8-92d4-11e9-8185-000d3a74c7de;pecari tajacu;bol;1;8
c72010ea-92d4-11e9-807a-000d3a74c7de.jpg;c72010ea-92d4-11e9-807a-000d3a74c7de;pecari tajacu;bol;1;8
c72010ec-92d4-11e9-a28d-000d3a74c7de.jpg;c72010ec-92d4-11e9-a28d-000d3a74c7de;pecari tajacu;bol;1;8
c7203b1c-92d4-11e9-97dd-000d3a74c7de.jpg;c7203b1c-92d4-11e9-97dd-000d3a74c7de;pecari tajacu;bol;1;8
c7203b1e-92d4-11e9-bc4a-000d3a74c7de.jpg;c7203b1e-92d4-11e9-bc4a-000d3a74c7de;tayassu pecari;bol;1;2
c7203b20-92d4-11e9-8f5b-000d3a74c7de.jpg;c7203b20-92d4-11e9-8f5b-000d3a74c7de;tayassu pecari;bol;1;2
c7205ee4-92d4-11e9-b284-000d3a74c7de.jpg;c7205ee4-92d4-11e9-b284-000d3a74c7de;procyon cancrivorus;bol;1;20
c7205ee6-92d4-11e9-a878-000d3a74c7de.jpg;c7205ee6-92d4-11e9-a878-000d3a74c7de;myrmecophaga tridactyla;bol;1;25
c7205ee8-92d4-11e9-bf2c-000d3a74c7de.jpg;c7205ee8-92d4-11e9-bf2c-000d3a74c7de;cuniculus paca;bol;1;4
c7205eea-92d4-11e9-b75a-000d3a74c7de.jpg;c7205eea-92d4-11e9-b75a-000d3a74c7de;pecari tajacu;bol;1;8
c720874a-92d4-11e9-93ac-000d3a74c7de.jpg;c720874a-92d4-11e9-93ac-000d3a74c7de;pecari tajacu;bol;1;8
c720874c-92d4-11e9-ac7b-000d3a74c7de.jpg;c720874c-92d4-11e9-ac7b-000d3a74c7de;pecari tajacu;bol;1;8
c720874e-92d4-11e9-9603-000d3a74c7de.jpg;c720874e-92d4-11e9-9603-000d3a74c7de;pecari tajacu;bol;1;8
c720ad02-92d4-11e9-812e-000d3a74c7de.jpg;c720ad02-92d4-11e9-812e-000d3a74c7de;dasypus novemcinctus;bol;1;14
c720ad04-92d4-11e9-b959-000d3a74c7de.jpg;c720ad04-92d4-11e9-b959-000d3a74c7de;pecari tajacu;bol;1;8
c720d42e-92d4-11e9-a9a5-000d3a74c7de.jpg;c720d42e-92d4-11e9-a9a5-000d3a74c7de;cuniculus paca;bol;1;4
c720d430-92d4-11e9-804c-000d3a74c7de.jpg;c720d430-92d4-11e9-804c-000d3a74c7de;tayassu pecari;bol;1;2
c720fb62-92d4-11e9-bd09-000d3a74c7de.jpg;c720fb62-92d4-11e9-bd09-000d3a74c7de;mitu tuberosum;bol;1;11
c720fb64-92d4-11e9-bad7-000d3a74c7de.jpg;c720fb64-92d4-11e9-bad7-000d3a74c7de;pecari tajacu;bol;1;8
c720fb66-92d4-11e9-ad7e-000d3a74c7de.jpg;c720fb66-92d4-11e9-ad7e-000d3a74c7de;penelope jacquacu;bol;1;17
c72121ef-92d4-11e9-8d57-000d3a74c7de.jpg;c72121ef-92d4-11e9-8d57-000d3a74c7de;tayassu pecari;bol;1;2
c72121f1-92d4-11e9-9a11-000d3a74c7de.jpg;c72121f1-92d4-11e9-9a11-000d3a74c7de;mazama americana;bol;1;9
c721490d-92d4-11e9-a16e-000d3a74c7de.jpg;c721490d-92d4-11e9-a16e-000d3a74c7de;tayassu pecari;bol;1;2
c721490f-92d4-11e9-9813-000d3a74c7de.jpg;c721490f-92d4-11e9-9813-000d3a74c7de;mazama americana;bol;1;9
c721703b-92d4-11e9-bfe5-000d3a74c7de.jpg;c721703b-92d4-11e9-bfe5-000d3a74c7de;pecari tajacu;bol;1;8
c721973a-92d4-11e9-99ca-000d3a74c7de.jpg;c721973a-92d4-11e9-99ca-000d3a74c7de;cuniculus paca;bol;1;4
c721973c-92d4-11e9-9997-000d3a74c7de.jpg;c721973c-92d4-11e9-9997-000d3a74c7de;cuniculus paca;bol;1;4
c721be3e-92d4-11e9-9b69-000d3a74c7de.jpg;c721be3e-92d4-11e9-9b69-000d3a74c7de;tayassu pecari;bol;1;2
c721be40-92d4-11e9-8557-000d3a74c7de.jpg;c721be40-92d4-11e9-8557-000d3a74c7de;dasyprocta punctata;bol;1;3
c721be42-92d4-11e9-9ebc-000d3a74c7de.jpg;c721be42-92d4-11e9-9ebc-000d3a74c7de;dasyprocta punctata;bol;1;3
c721be44-92d4-11e9-9c89-000d3a74c7de.jpg;c721be44-92d4-11e9-9c89-000d3a74c7de;pilherodius pileatus;bol;1;27
c721e54a-92d4-11e9-b07c-000d3a74c7de.jpg;c721e54a-92d4-11e9-b07c-000d3a74c7de;pilherodius pileatus;bol;1;27
c721e54c-92d4-11e9-ad84-000d3a74c7de.jpg;c721e54c-92d4-11e9-ad84-000d3a74c7de;eira barbara;bol;1;15
c721e54e-92d4-11e9-8565-000d3a74c7de.jpg;c721e54e-92d4-11e9-8565-000d3a74c7de;mazama americana;bol;1;9
c7220c58-92d4-11e9-9fff-000d3a74c7de.jpg;c7220c58-92d4-11e9-9fff-000d3a74c7de;dasyprocta punctata;bol;1;3
c7220c5a-92d4-11e9-a6a9-000d3a74c7de.jpg;c7220c5a-92d4-11e9-a6a9-000d3a74c7de;hydrochoerus hydrochaeris;bol;1;28
c7220c5c-92d4-11e9-b449-000d3a74c7de.jpg;c7220c5c-92d4-11e9-b449-000d3a74c7de;mitu tuberosum;bol;1;11
c7220c5e-92d4-11e9-ab2b-000d3a74c7de.jpg;c7220c5e-92d4-11e9-ab2b-000d3a74c7de;sylvilagus brasiliensis;bol;1;32
c7223365-92d4-11e9-8568-000d3a74c7de.jpg;c7223365-92d4-11e9-8568-000d3a74c7de;cuniculus paca;bol;1;4
c7223367-92d4-11e9-84cd-000d3a74c7de.jpg;c7223367-92d4-11e9-84cd-000d3a74c7de;penelope jacquacu;bol;1;17
c7223369-92d4-11e9-a4cf-000d3a74c7de.jpg;c7223369-92d4-11e9-a4cf-000d3a74c7de;dasyprocta punctata;bol;1;3
c7225a7e-92d4-11e9-b423-000d3a74c7de.jpg;c7225a7e-92d4-11e9-b423-000d3a74c7de;mazama americana;bol;1;9
c7225a80-92d4-11e9-ad35-000d3a74c7de.jpg;c7225a80-92d4-11e9-ad35-000d3a74c7de;mazama americana;bol;1;9
c7225a82-92d4-11e9-80d4-000d3a74c7de.jpg;c7225a82-92d4-11e9-80d4-000d3a74c7de;mitu tuberosum;bol;1;11
c7225a84-92d4-11e9-8de1-000d3a74c7de.jpg;c7225a84-92d4-11e9-8de1-000d3a74c7de;leopardus pardalis;bol;1;10
c7228212-92d4-11e9-b756-000d3a74c7de.jpg;c7228212-92d4-11e9-b756-000d3a74c7de;sylvilagus brasiliensis;bol;1;32
c7228214-92d4-11e9-9bcb-000d3a74c7de.jpg;c7228214-92d4-11e9-9bcb-000d3a74c7de;mitu tuberosum;bol;1;11
c722a8a2-92d4-11e9-88ef-000d3a74c7de.jpg;c722a8a2-92d4-11e9-88ef-000d3a74c7de;dasyprocta punctata;bol;1;3
c722a8a4-92d4-11e9-b0d8-000d3a74c7de.jpg;c722a8a4-92d4-11e9-b0d8-000d3a74c7de;mazama americana;bol;1;9
c722a8a6-92d4-11e9-84ca-000d3a74c7de.jpg;c722a8a6-92d4-11e9-84ca-000d3a74c7de;mitu tuberosum;bol;1;11
c722d080-92d4-11e9-86ed-000d3a74c7de.jpg;c722d080-92d4-11e9-86ed-000d3a74c7de;mazama americana;bol;1;9
c722f6d2-92d4-11e9-9f79-000d3a74c7de.jpg;c722f6d2-92d4-11e9-9f79-000d3a74c7de;cuniculus paca;bol;1;4
c722f6d4-92d4-11e9-b8b5-000d3a74c7de.jpg;c722f6d4-92d4-11e9-b8b5-000d3a74c7de;dasyprocta punctata;bol;1;3
c722f6d6-92d4-11e9-9f7c-000d3a74c7de.jpg;c722f6d6-92d4-11e9-9f7c-000d3a74c7de;panthera onca;bol;1;24
c722f6d8-92d4-11e9-b18c-000d3a74c7de.jpg;c722f6d8-92d4-11e9-b18c-000d3a74c7de;tayassu pecari;bol;1;2
c7231dc7-92d4-11e9-b218-000d3a74c7de.jpg;c7231dc7-92d4-11e9-b218-000d3a74c7de;tayassu pecari;bol;1;2
c7231dc9-92d4-11e9-ab5c-000d3a74c7de.jpg;c7231dc9-92d4-11e9-ab5c-000d3a74c7de;dasyprocta punctata;bol;1;3
c7231dcb-92d4-11e9-9410-000d3a74c7de.jpg;c7231dcb-92d4-11e9-9410-000d3a74c7de;dasyprocta punctata;bol;1;3
c72344dc-92d4-11e9-a00f-000d3a74c7de.jpg;c72344dc-92d4-11e9-a00f-000d3a74c7de;mitu tuberosum;bol;1;11
c72344de-92d4-11e9-8d21-000d3a74c7de.jpg;c72344de-92d4-11e9-8d21-000d3a74c7de;procyon cancrivorus;bol;1;20
c72344e0-92d4-11e9-9e00-000d3a74c7de.jpg;c72344e0-92d4-11e9-9e00-000d3a74c7de;cuniculus paca;bol;1;4
c72344e2-92d4-11e9-b0b0-000d3a74c7de.jpg;c72344e2-92d4-11e9-b0b0-000d3a74c7de;mitu tuberosum;bol;1;11
c7236c66-92d4-11e9-8625-000d3a74c7de.jpg;c7236c66-92d4-11e9-8625-000d3a74c7de;mitu tuberosum;bol;1;11
c7236c68-92d4-11e9-8db3-000d3a74c7de.jpg;c7236c68-92d4-11e9-8db3-000d3a74c7de;dasyprocta punctata;bol;1;3
c7236c6a-92d4-11e9-aca0-000d3a74c7de.jpg;c7236c6a-92d4-11e9-aca0-000d3a74c7de;procyon cancrivorus;bol;1;20
c7236c6c-92d4-11e9-9927-000d3a74c7de.jpg;c7236c6c-92d4-11e9-9927-000d3a74c7de;mitu tuberosum;bol;1;11
c72392fb-92d4-11e9-9b26-000d3a74c7de.jpg;c72392fb-92d4-11e9-9b26-000d3a74c7de;mazama americana;bol;1;9
c72392fd-92d4-11e9-939f-000d3a74c7de.jpg;c72392fd-92d4-11e9-939f-000d3a74c7de;mazama americana;bol;1;9
c72392ff-92d4-11e9-b508-000d3a74c7de.jpg;c72392ff-92d4-11e9-b508-000d3a74c7de;mazama americana;bol;1;9
c723ba06-92d4-11e9-8bc1-000d3a74c7de.jpg;c723ba06-92d4-11e9-8bc1-000d3a74c7de;cuniculus paca;bol;1;4
c723ba08-92d4-11e9-b53a-000d3a74c7de.jpg;c723ba08-92d4-11e9-b53a-000d3a74c7de;dasyprocta punctata;bol;1;3
c723ba0a-92d4-11e9-9877-000d3a74c7de.jpg;c723ba0a-92d4-11e9-9877-000d3a74c7de;dasyprocta punctata;bol;1;3
c723ba0c-92d4-11e9-b271-000d3a74c7de.jpg;c723ba0c-92d4-11e9-b271-000d3a74c7de;dasyprocta punctata;bol;1;3
c723e4c3-92d4-11e9-b3fa-000d3a74c7de.jpg;c723e4c3-92d4-11e9-b3fa-000d3a74c7de;cuniculus paca;bol;1;4
c723e4c5-92d4-11e9-9aa8-000d3a74c7de.jpg;c723e4c5-92d4-11e9-9aa8-000d3a74c7de;dasyprocta punctata;bol;1;3
c724081c-92d4-11e9-b938-000d3a74c7de.jpg;c724081c-92d4-11e9-b938-000d3a74c7de;cuniculus paca;bol;1;4
c724081e-92d4-11e9-8ee1-000d3a74c7de.jpg;c724081e-92d4-11e9-8ee1-000d3a74c7de;dasyprocta punctata;bol;1;3
c7240820-92d4-11e9-bd3b-000d3a74c7de.jpg;c7240820-92d4-11e9-bd3b-000d3a74c7de;cuniculus paca;bol;1;4
c7240822-92d4-11e9-93ec-000d3a74c7de.jpg;c7240822-92d4-11e9-93ec-000d3a74c7de;cuniculus paca;bol;1;4
c7242f34-92d4-11e9-91ca-000d3a74c7de.jpg;c7242f34-92d4-11e9-91ca-000d3a74c7de;penelope jacquacu;bol;1;17
c7242f36-92d4-11e9-aa1e-000d3a74c7de.jpg;c7242f36-92d4-11e9-aa1e-000d3a74c7de;procyon cancrivorus;bol;1;20
c7242f38-92d4-11e9-aeb6-000d3a74c7de.jpg;c7242f38-92d4-11e9-aeb6-000d3a74c7de;dasyprocta punctata;bol;1;3
c7242f3a-92d4-11e9-b471-000d3a74c7de.jpg;c7242f3a-92d4-11e9-b471-000d3a74c7de;pecari tajacu;bol;1;8
c7245641-92d4-11e9-866d-000d3a74c7de.jpg;c7245641-92d4-11e9-866d-000d3a74c7de;dasyprocta punctata;bol;1;3
c7245643-92d4-11e9-aa26-000d3a74c7de.jpg;c7245643-92d4-11e9-aa26-000d3a74c7de;procyon cancrivorus;bol;1;20
c7245645-92d4-11e9-80b7-000d3a74c7de.jpg;c7245645-92d4-11e9-80b7-000d3a74c7de;procyon cancrivorus;bol;1;20
c7247d58-92d4-11e9-9d84-000d3a74c7de.jpg;c7247d58-92d4-11e9-9d84-000d3a74c7de;cuniculus paca;bol;1;4
c7247d5a-92d4-11e9-bbad-000d3a74c7de.jpg;c7247d5a-92d4-11e9-bbad-000d3a74c7de;eurypyga helias;bol;1;36
c7247d5c-92d4-11e9-8a27-000d3a74c7de.jpg;c7247d5c-92d4-11e9-8a27-000d3a74c7de;leopardus pardalis;bol;1;10
c7247d5e-92d4-11e9-9dd2-000d3a74c7de.jpg;c7247d5e-92d4-11e9-9dd2-000d3a74c7de;panthera onca;bol;1;24
c724a482-92d4-11e9-b933-000d3a74c7de.jpg;c724a482-92d4-11e9-b933-000d3a74c7de;mitu tuberosum;bol;1;11
c724a484-92d4-11e9-b0f3-000d3a74c7de.jpg;c724a484-92d4-11e9-b0f3-000d3a74c7de;mitu tuberosum;bol;1;11
c724a486-92d4-11e9-9a84-000d3a74c7de.jpg;c724a486-92d4-11e9-9a84-000d3a74c7de;leopardus pardalis;bol;1;10
c724cb86-92d4-11e9-8c0a-000d3a74c7de.jpg;c724cb86-92d4-11e9-8c0a-000d3a74c7de;cuniculus paca;bol;1;4
c724cb88-92d4-11e9-be17-000d3a74c7de.jpg;c724cb88-92d4-11e9-be17-000d3a74c7de;eurypyga helias;bol;1;36
c724cb8a-92d4-11e9-8c17-000d3a74c7de.jpg;c724cb8a-92d4-11e9-8c17-000d3a74c7de;cuniculus paca;bol;1;4
c724cb8c-92d4-11e9-b68a-000d3a74c7de.jpg;c724cb8c-92d4-11e9-b68a-000d3a74c7de;cuniculus paca;bol;1;4
c724f31c-92d4-11e9-bc32-000d3a74c7de.jpg;c724f31c-92d4-11e9-bc32-000d3a74c7de;aramides cajaneus;bol;1;21
c724f31e-92d4-11e9-8501-000d3a74c7de.jpg;c724f31e-92d4-11e9-8501-000d3a74c7de;leptotila sp;bol;1;23
c724f320-92d4-11e9-8c86-000d3a74c7de.jpg;c724f320-92d4-11e9-8c86-000d3a74c7de;tayassu pecari;bol;1;2
c724f322-92d4-11e9-99e7-000d3a74c7de.jpg;c724f322-92d4-11e9-99e7-000d3a74c7de;tayassu pecari;bol;1;2
c7251987-92d4-11e9-9aaf-000d3a74c7de.jpg;c7251987-92d4-11e9-9aaf-000d3a74c7de;mazama americana;bol;1;9
c7251989-92d4-11e9-a87c-000d3a74c7de.jpg;c7251989-92d4-11e9-a87c-000d3a74c7de;dasyprocta punctata;bol;1;3
c725198b-92d4-11e9-a766-000d3a74c7de.jpg;c725198b-92d4-11e9-a766-000d3a74c7de;dasyprocta punctata;bol;1;3
c7254086-92d4-11e9-ac05-000d3a74c7de.jpg;c7254086-92d4-11e9-ac05-000d3a74c7de;tayassu pecari;bol;1;2
c7254088-92d4-11e9-968e-000d3a74c7de.jpg;c7254088-92d4-11e9-968e-000d3a74c7de;mazama americana;bol;1;9
c725408a-92d4-11e9-901a-000d3a74c7de.jpg;c725408a-92d4-11e9-901a-000d3a74c7de;dasyprocta punctata;bol;1;3
c725408c-92d4-11e9-b971-000d3a74c7de.jpg;c725408c-92d4-11e9-b971-000d3a74c7de;tayassu pecari;bol;1;2
c72567b7-92d4-11e9-8327-000d3a74c7de.jpg;c72567b7-92d4-11e9-8327-000d3a74c7de;tayassu pecari;bol;1;2
c72567b9-92d4-11e9-a735-000d3a74c7de.jpg;c72567b9-92d4-11e9-a735-000d3a74c7de;tayassu pecari;bol;1;2
c72567bb-92d4-11e9-a579-000d3a74c7de.jpg;c72567bb-92d4-11e9-a579-000d3a74c7de;leptotila sp;bol;1;23
c7258eca-92d4-11e9-8e57-000d3a74c7de.jpg;c7258eca-92d4-11e9-8e57-000d3a74c7de;leptotila sp;bol;1;23
c7258ecc-92d4-11e9-8e72-000d3a74c7de.jpg;c7258ecc-92d4-11e9-8e72-000d3a74c7de;panthera onca;bol;1;24
c7258ece-92d4-11e9-be1c-000d3a74c7de.jpg;c7258ece-92d4-11e9-be1c-000d3a74c7de;tigrisoma lineatum;bol;1;40
c725b5f0-92d4-11e9-b27f-000d3a74c7de.jpg;c725b5f0-92d4-11e9-b27f-000d3a74c7de;mazama americana;bol;1;9
c725b5f2-92d4-11e9-94aa-000d3a74c7de.jpg;c725b5f2-92d4-11e9-94aa-000d3a74c7de;mitu tuberosum;bol;1;11
c725b5f4-92d4-11e9-a573-000d3a74c7de.jpg;c725b5f4-92d4-11e9-a573-000d3a74c7de;mazama americana;bol;1;9
c725dcf4-92d4-11e9-830e-000d3a74c7de.jpg;c725dcf4-92d4-11e9-830e-000d3a74c7de;mitu tuberosum;bol;1;11
c725dcf6-92d4-11e9-b9d4-000d3a74c7de.jpg;c725dcf6-92d4-11e9-b9d4-000d3a74c7de;mazama americana;bol;1;9
c725dcf8-92d4-11e9-8162-000d3a74c7de.jpg;c725dcf8-92d4-11e9-8162-000d3a74c7de;mitu tuberosum;bol;1;11
c725dcfa-92d4-11e9-9ea5-000d3a74c7de.jpg;c725dcfa-92d4-11e9-9ea5-000d3a74c7de;dasyprocta punctata;bol;1;3
c7260886-92d4-11e9-b55c-000d3a74c7de.jpg;c7260886-92d4-11e9-b55c-000d3a74c7de;cuniculus paca;bol;1;4
c7260888-92d4-11e9-ab3b-000d3a74c7de.jpg;c7260888-92d4-11e9-ab3b-000d3a74c7de;panthera onca;bol;1;24
c726088a-92d4-11e9-a43e-000d3a74c7de.jpg;c726088a-92d4-11e9-a43e-000d3a74c7de;tayassu pecari;bol;1;2
c7262ae4-92d4-11e9-bf05-000d3a74c7de.jpg;c7262ae4-92d4-11e9-bf05-000d3a74c7de;dasyprocta punctata;bol;1;3
c7262ae6-92d4-11e9-b8ee-000d3a74c7de.jpg;c7262ae6-92d4-11e9-b8ee-000d3a74c7de;mitu tuberosum;bol;1;11
c7262ae8-92d4-11e9-aae5-000d3a74c7de.jpg;c7262ae8-92d4-11e9-aae5-000d3a74c7de;mitu tuberosum;bol;1;11
c7262aea-92d4-11e9-bd3c-000d3a74c7de.jpg;c7262aea-92d4-11e9-bd3c-000d3a74c7de;mitu tuberosum;bol;1;11
c7265219-92d4-11e9-8596-000d3a74c7de.jpg;c7265219-92d4-11e9-8596-000d3a74c7de;mazama americana;bol;1;9
c726521b-92d4-11e9-b88c-000d3a74c7de.jpg;c726521b-92d4-11e9-b88c-000d3a74c7de;pecari tajacu;bol;1;8
c726521d-92d4-11e9-90b9-000d3a74c7de.jpg;c726521d-92d4-11e9-90b9-000d3a74c7de;pecari tajacu;bol;1;8
c7267958-92d4-11e9-afbb-000d3a74c7de.jpg;c7267958-92d4-11e9-afbb-000d3a74c7de;cuniculus paca;bol;1;4
c726795a-92d4-11e9-a5ff-000d3a74c7de.jpg;c726795a-92d4-11e9-a5ff-000d3a74c7de;mitu tuberosum;bol;1;11
c726795c-92d4-11e9-b873-000d3a74c7de.jpg;c726795c-92d4-11e9-b873-000d3a74c7de;mitu tuberosum;bol;1;11
c726a09c-92d4-11e9-8b67-000d3a74c7de.jpg;c726a09c-92d4-11e9-8b67-000d3a74c7de;mazama americana;bol;1;9
c726a09e-92d4-11e9-84bb-000d3a74c7de.jpg;c726a09e-92d4-11e9-84bb-000d3a74c7de;mitu tuberosum;bol;1;11
c726a0a0-92d4-11e9-a2d9-000d3a74c7de.jpg;c726a0a0-92d4-11e9-a2d9-000d3a74c7de;eira barbara;bol;1;15
c726a0a2-92d4-11e9-b16f-000d3a74c7de.jpg;c726a0a2-92d4-11e9-b16f-000d3a74c7de;mitu tuberosum;bol;1;11
c726c8da-92d4-11e9-9540-000d3a74c7de.jpg;c726c8da-92d4-11e9-9540-000d3a74c7de;mazama americana;bol;1;9
c726c8dc-92d4-11e9-a655-000d3a74c7de.jpg;c726c8dc-92d4-11e9-a655-000d3a74c7de;tayassu pecari;bol;1;2
c726c8de-92d4-11e9-bb94-000d3a74c7de.jpg;c726c8de-92d4-11e9-bb94-000d3a74c7de;tayassu pecari;bol;1;2
c726ee3e-92d4-11e9-953f-000d3a74c7de.jpg;c726ee3e-92d4-11e9-953f-000d3a74c7de;tayassu pecari;bol;1;2
c726ee40-92d4-11e9-a3f5-000d3a74c7de.jpg;c726ee40-92d4-11e9-a3f5-000d3a74c7de;tayassu pecari;bol;1;2
c726ee42-92d4-11e9-955f-000d3a74c7de.jpg;c726ee42-92d4-11e9-955f-000d3a74c7de;dasyprocta punctata;bol;1;3
c726ee44-92d4-11e9-aab6-000d3a74c7de.jpg;c726ee44-92d4-11e9-aab6-000d3a74c7de;dasyprocta punctata;bol;1;3
c7271569-92d4-11e9-bfbc-000d3a74c7de.jpg;c7271569-92d4-11e9-bfbc-000d3a74c7de;cuniculus paca;bol;1;4
c727156b-92d4-11e9-861e-000d3a74c7de.jpg;c727156b-92d4-11e9-861e-000d3a74c7de;pecari tajacu;bol;1;8
c727156d-92d4-11e9-9dc9-000d3a74c7de.jpg;c727156d-92d4-11e9-9dc9-000d3a74c7de;pecari tajacu;bol;1;8
c7273c80-92d4-11e9-a28d-000d3a74c7de.jpg;c7273c80-92d4-11e9-a28d-000d3a74c7de;pecari tajacu;bol;1;8
c7273c82-92d4-11e9-9c2f-000d3a74c7de.jpg;c7273c82-92d4-11e9-9c2f-000d3a74c7de;pecari tajacu;bol;1;8
c7273c84-92d4-11e9-a904-000d3a74c7de.jpg;c7273c84-92d4-11e9-a904-000d3a74c7de;pecari tajacu;bol;1;8
c7273c86-92d4-11e9-892b-000d3a74c7de.jpg;c7273c86-92d4-11e9-892b-000d3a74c7de;tayassu pecari;bol;1;2
c7276383-92d4-11e9-8410-000d3a74c7de.jpg;c7276383-92d4-11e9-8410-000d3a74c7de;tayassu pecari;bol;1;2
c7276385-92d4-11e9-ba11-000d3a74c7de.jpg;c7276385-92d4-11e9-ba11-000d3a74c7de;tayassu pecari;bol;1;2
c7276387-92d4-11e9-94eb-000d3a74c7de.jpg;c7276387-92d4-11e9-94eb-000d3a74c7de;tayassu pecari;bol;1;2
c7278a9a-92d4-11e9-be97-000d3a74c7de.jpg;c7278a9a-92d4-11e9-be97-000d3a74c7de;tayassu pecari;bol;1;2
c7278a9c-92d4-11e9-bf36-000d3a74c7de.jpg;c7278a9c-92d4-11e9-bf36-000d3a74c7de;tayassu pecari;bol;1;2
c7278a9e-92d4-11e9-a9d5-000d3a74c7de.jpg;c7278a9e-92d4-11e9-a9d5-000d3a74c7de;tayassu pecari;bol;1;2
c7278aa0-92d4-11e9-8721-000d3a74c7de.jpg;c7278aa0-92d4-11e9-8721-000d3a74c7de;tayassu pecari;bol;1;
2c727b18b-92d4-11e9-9e7b-000d3a74c7de.jpg;c727b18b-92d4-11e9-9e7b-000d3a74c7de;tayassu pecari;bol;1;2
c727b18d-92d4-11e9-9b07-000d3a74c7de.jpg;c727b18d-92d4-11e9-9b07-000d3a74c7de;tayassu pecari;bol;1;2
c727b18f-92d4-11e9-bf1a-000d3a74c7de.jpg;c727b18f-92d4-11e9-bf1a-000d3a74c7de;tayassu pecari;bol;1;2
c727d913-92d4-11e9-b713-000d3a74c7de.jpg;c727d913-92d4-11e9-b713-000d3a74c7de;tayassu pecari;bol;1;2
c727d915-92d4-11e9-88df-000d3a74c7de.jpg;c727d915-92d4-11e9-88df-000d3a74c7de;tayassu pecari;bol;1;2
c727d917-92d4-11e9-b7e9-000d3a74c7de.jpg;c727d917-92d4-11e9-b7e9-000d3a74c7de;tayassu pecari;bol;1;2
c727ffa6-92d4-11e9-afcb-000d3a74c7de.jpg;c727ffa6-92d4-11e9-afcb-000d3a74c7de;tayassu pecari;bol;1;2
c727ffa8-92d4-11e9-94c1-000d3a74c7de.jpg;c727ffa8-92d4-11e9-94c1-000d3a74c7de;tayassu pecari;bol;1;2
c727ffaa-92d4-11e9-80d0-000d3a74c7de.jpg;c727ffaa-92d4-11e9-80d0-000d3a74c7de;tayassu pecari;bol;1;2
c72826d4-92d4-11e9-8ba0-000d3a74c7de.jpg;c72826d4-92d4-11e9-8ba0-000d3a74c7de;tayassu pecari;bol;1;2
c72826d6-92d4-11e9-9062-000d3a74c7de.jpg;c72826d6-92d4-11e9-9062-000d3a74c7de;tayassu pecari;bol;1;2
c72826d8-92d4-11e9-9bdd-000d3a74c7de.jpg;c72826d8-92d4-11e9-9bdd-000d3a74c7de;tayassu pecari;bol;1;2
c72826da-92d4-11e9-b7d5-000d3a74c7de.jpg;c72826da-92d4-11e9-b7d5-000d3a74c7de;tayassu pecari;bol;1;2
c7284ddd-92d4-11e9-bac2-000d3a74c7de.jpg;c7284ddd-92d4-11e9-bac2-000d3a74c7de;mazama americana;bol;1;9
c7284ddf-92d4-11e9-be80-000d3a74c7de.jpg;c7284ddf-92d4-11e9-be80-000d3a74c7de;mazama americana;bol;1;9
c7284de1-92d4-11e9-91be-000d3a74c7de.jpg;c7284de1-92d4-11e9-91be-000d3a74c7de;pecari tajacu;bol;1;8
c72874fa-92d4-11e9-aefb-000d3a74c7de.jpg;c72874fa-92d4-11e9-aefb-000d3a74c7de;mazama americana;bol;1;9
c72874fc-92d4-11e9-ac78-000d3a74c7de.jpg;c72874fc-92d4-11e9-ac78-000d3a74c7de;mazama americana;bol;1;9
c72874fe-92d4-11e9-b97a-000d3a74c7de.jpg;c72874fe-92d4-11e9-b97a-000d3a74c7de;eira barbara;bol;1;15
c7287500-92d4-11e9-ab64-000d3a74c7de.jpg;c7287500-92d4-11e9-ab64-000d3a74c7de;mazama americana;bol;1;9
c7289c49-92d4-11e9-b4a8-000d3a74c7de.jpg;c7289c49-92d4-11e9-b4a8-000d3a74c7de;pecari tajacu;bol;1;8
c7289c4b-92d4-11e9-b8bb-000d3a74c7de.jpg;c7289c4b-92d4-11e9-b8bb-000d3a74c7de;dasyprocta punctata;bol;1;3
c7289c4d-92d4-11e9-b02c-000d3a74c7de.jpg;c7289c4d-92d4-11e9-b02c-000d3a74c7de;mazama americana;bol;1;9
c728c352-92d4-11e9-9ec4-000d3a74c7de.jpg;c728c352-92d4-11e9-9ec4-000d3a74c7de;mitu tuberosum;bol;1;11
c728c354-92d4-11e9-902a-000d3a74c7de.jpg;c728c354-92d4-11e9-902a-000d3a74c7de;tinamus major;bol;1;26
c728c356-92d4-11e9-8d72-000d3a74c7de.jpg;c728c356-92d4-11e9-8d72-000d3a74c7de;mazama americana;bol;1;9
c728ea52-92d4-11e9-8cec-000d3a74c7de.jpg;c728ea52-92d4-11e9-8cec-000d3a74c7de;mazama americana;bol;1;9
c728ea54-92d4-11e9-973c-000d3a74c7de.jpg;c728ea54-92d4-11e9-973c-000d3a74c7de;mazama americana;bol;1;9
c728ea56-92d4-11e9-9b4f-000d3a74c7de.jpg;c728ea56-92d4-11e9-9b4f-000d3a74c7de;pecari tajacu;bol;1;8
c728ea58-92d4-11e9-900b-000d3a74c7de.jpg;c728ea58-92d4-11e9-900b-000d3a74c7de;mazama americana;bol;1;9
c7291174-92d4-11e9-af7a-000d3a74c7de.jpg;c7291174-92d4-11e9-af7a-000d3a74c7de;tinamus major;bol;1;26
c7291176-92d4-11e9-b234-000d3a74c7de.jpg;c7291176-92d4-11e9-b234-000d3a74c7de;tinamus major;bol;1;26
c7291178-92d4-11e9-a8d3-000d3a74c7de.jpg;c7291178-92d4-11e9-a8d3-000d3a74c7de;tayassu pecari;bol;1;2
c7293852-92d4-11e9-8433-000d3a74c7de.jpg;c7293852-92d4-11e9-8433-000d3a74c7de;tayassu pecari;bol;1;2
c7293854-92d4-11e9-90a4-000d3a74c7de.jpg;c7293854-92d4-11e9-90a4-000d3a74c7de;tayassu pecari;bol;1;2
c7293856-92d4-11e9-9069-000d3a74c7de.jpg;c7293856-92d4-11e9-9069-000d3a74c7de;tayassu pecari;bol;1;2
c7293858-92d4-11e9-9ed4-000d3a74c7de.jpg;c7293858-92d4-11e9-9ed4-000d3a74c7de;tayassu pecari;bol;1;2
c7295f63-92d4-11e9-8dc2-000d3a74c7de.jpg;c7295f63-92d4-11e9-8dc2-000d3a74c7de;tayassu pecari;bol;1;2
c7295f65-92d4-11e9-b918-000d3a74c7de.jpg;c7295f65-92d4-11e9-b918-000d3a74c7de;psophia leucoptera;bol;1;1
c7295f67-92d4-11e9-a731-000d3a74c7de.jpg;c7295f67-92d4-11e9-a731-000d3a74c7de;mazama americana;bol;1;9
c7298674-92d4-11e9-8bd7-000d3a74c7de.jpg;c7298674-92d4-11e9-8bd7-000d3a74c7de;mazama americana;bol;1;9
c7298676-92d4-11e9-be76-000d3a74c7de.jpg;c7298676-92d4-11e9-be76-000d3a74c7de;dasyprocta punctata;bol;1;3
c7298678-92d4-11e9-b19f-000d3a74c7de.jpg;c7298678-92d4-11e9-b19f-000d3a74c7de;pecari tajacu;bol;1;8
c729867a-92d4-11e9-b09b-000d3a74c7de.jpg;c729867a-92d4-11e9-b09b-000d3a74c7de;psophia leucoptera;bol;1;1
c729ae39-92d4-11e9-b74d-000d3a74c7de.jpg;c729ae39-92d4-11e9-b74d-000d3a74c7de;tayassu pecari;bol;1;2
c729ae3b-92d4-11e9-b1e1-000d3a74c7de.jpg;c729ae3b-92d4-11e9-b1e1-000d3a74c7de;tayassu pecari;bol;1;2
c729ae3d-92d4-11e9-bdf2-000d3a74c7de.jpg;c729ae3d-92d4-11e9-bdf2-000d3a74c7de;tayassu pecari;bol;1;2
c729d4e8-92d4-11e9-8a56-000d3a74c7de.jpg;c729d4e8-92d4-11e9-8a56-000d3a74c7de;tayassu pecari;bol;1;2
c729d4ea-92d4-11e9-918c-000d3a74c7de.jpg;c729d4ea-92d4-11e9-918c-000d3a74c7de;tayassu pecari;bol;1;2
c729d4ec-92d4-11e9-964c-000d3a74c7de.jpg;c729d4ec-92d4-11e9-964c-000d3a74c7de;tayassu pecari;bol;1;2
c729d4ee-92d4-11e9-bbad-000d3a74c7de.jpg;c729d4ee-92d4-11e9-bbad-000d3a74c7de;tayassu pecari;bol;1;2
c729fba7-92d4-11e9-ab18-000d3a74c7de.jpg;c729fba7-92d4-11e9-ab18-000d3a74c7de;dasyprocta punctata;bol;1;3
c729fba9-92d4-11e9-abbd-000d3a74c7de.jpg;c729fba9-92d4-11e9-abbd-000d3a74c7de;mazama americana;bol;1;9
c729fbab-92d4-11e9-ad19-000d3a74c7de.jpg;c729fbab-92d4-11e9-ad19-000d3a74c7de;pecari tajacu;bol;1;8
c72a22d2-92d4-11e9-a64b-000d3a74c7de.jpg;c72a22d2-92d4-11e9-a64b-000d3a74c7de;tinamus major;bol;1;26
c72a22d4-92d4-11e9-bacc-000d3a74c7de.jpg;c72a22d4-92d4-11e9-bacc-000d3a74c7de;tayassu pecari;bol;1;2
c72a22d6-92d4-11e9-a034-000d3a74c7de.jpg;c72a22d6-92d4-11e9-a034-000d3a74c7de;tayassu pecari;bol;1;2
c72a22d8-92d4-11e9-9475-000d3a74c7de.jpg;c72a22d8-92d4-11e9-9475-000d3a74c7de;tayassu pecari;bol;1;2
c72a49e5-92d4-11e9-b436-000d3a74c7de.jpg;c72a49e5-92d4-11e9-b436-000d3a74c7de;tayassu pecari;bol;1;2
c72a49e7-92d4-11e9-971f-000d3a74c7de.jpg;c72a49e7-92d4-11e9-971f-000d3a74c7de;tayassu pecari;bol;1;2
c72a49e9-92d4-11e9-a68c-000d3a74c7de.jpg;c72a49e9-92d4-11e9-a68c-000d3a74c7de;tayassu pecari;bol;1;2
c72a732d-92d4-11e9-a133-000d3a74c7de.jpg;c72a732d-92d4-11e9-a133-000d3a74c7de;tayassu pecari;bol;1;2
c72a732f-92d4-11e9-8a08-000d3a74c7de.jpg;c72a732f-92d4-11e9-8a08-000d3a74c7de;dasyprocta punctata;bol;1;3
c72a9894-92d4-11e9-83e0-000d3a74c7de.jpg;c72a9894-92d4-11e9-83e0-000d3a74c7de;dasyprocta punctata;bol;1;3
c72a9896-92d4-11e9-8842-000d3a74c7de.jpg;c72a9896-92d4-11e9-8842-000d3a74c7de;tayassu pecari;bol;1;2
c72a9898-92d4-11e9-a2b2-000d3a74c7de.jpg;c72a9898-92d4-11e9-a2b2-000d3a74c7de;dasyprocta punctata;bol;1;3
c72abeec-92d4-11e9-befe-000d3a74c7de.jpg;c72abeec-92d4-11e9-befe-000d3a74c7de;dasyprocta punctata;bol;1;3
c72abeee-92d4-11e9-8333-000d3a74c7de.jpg;c72abeee-92d4-11e9-8333-000d3a74c7de;dasyprocta punctata;bol;1;3
c72abef0-92d4-11e9-9ba5-000d3a74c7de.jpg;c72abef0-92d4-11e9-9ba5-000d3a74c7de;dasyprocta punctata;bol;1;3
c72abef2-92d4-11e9-8af1-000d3a74c7de.jpg;c72abef2-92d4-11e9-8af1-000d3a74c7de;dasyprocta punctata;bol;1;3
c72ae5d9-92d4-11e9-a27b-000d3a74c7de.jpg;c72ae5d9-92d4-11e9-a27b-000d3a74c7de;tayassu pecari;bol;1;2
c72ae5db-92d4-11e9-8a8c-000d3a74c7de.jpg;c72ae5db-92d4-11e9-8a8c-000d3a74c7de;tayassu pecari;bol;1;2
c72ae5dd-92d4-11e9-8bbf-000d3a74c7de.jpg;c72ae5dd-92d4-11e9-8bbf-000d3a74c7de;tayassu pecari;bol;1;2
c72b0d02-92d4-11e9-890b-000d3a74c7de.jpg;c72b0d02-92d4-11e9-890b-000d3a74c7de;sciurus spadiceus;bol;1;5
c72b0d04-92d4-11e9-b21a-000d3a74c7de.jpg;c72b0d04-92d4-11e9-b21a-000d3a74c7de;cuniculus paca;bol;1;4
c72b0d06-92d4-11e9-8f6c-000d3a74c7de.jpg;c72b0d06-92d4-11e9-8f6c-000d3a74c7de;priodontes maximus;bol;1;37
c72b0d08-92d4-11e9-9828-000d3a74c7de.jpg;c72b0d08-92d4-11e9-9828-000d3a74c7de;pecari tajacu;bol;1;8
c72b351e-92d4-11e9-84b3-000d3a74c7de.jpg;c72b351e-92d4-11e9-84b3-000d3a74c7de;dasyprocta punctata;bol;1;3
c72b3520-92d4-11e9-8e63-000d3a74c7de.jpg;c72b3520-92d4-11e9-8e63-000d3a74c7de;leopardus pardalis;bol;1;10
c72b3522-92d4-11e9-b492-000d3a74c7de.jpg;c72b3522-92d4-11e9-b492-000d3a74c7de;tayassu pecari;bol;1;2
c72b5c2e-92d4-11e9-b0d7-000d3a74c7de.jpg;c72b5c2e-92d4-11e9-b0d7-000d3a74c7de;tayassu pecari;bol;1;2
c72b5c30-92d4-11e9-a1a3-000d3a74c7de.jpg;c72b5c30-92d4-11e9-a1a3-000d3a74c7de;leptotila sp;bol;1;23
c72b5c32-92d4-11e9-b6e1-000d3a74c7de.jpg;c72b5c32-92d4-11e9-b6e1-000d3a74c7de;mitu tuberosum;bol;1;11
c72b5c34-92d4-11e9-9cf0-000d3a74c7de.jpg;c72b5c34-92d4-11e9-9cf0-000d3a74c7de;leptotila sp;bol;1;23
c72b82c6-92d4-11e9-af59-000d3a74c7de.jpg;c72b82c6-92d4-11e9-af59-000d3a74c7de;cuniculus paca;bol;1;4
c72b82c8-92d4-11e9-8cdf-000d3a74c7de.jpg;c72b82c8-92d4-11e9-8cdf-000d3a74c7de;leopardus pardalis;bol;1;10
c72b82ca-92d4-11e9-a772-000d3a74c7de.jpg;c72b82ca-92d4-11e9-a772-000d3a74c7de;dasyprocta punctata;bol;1;3
c72ba95c-92d4-11e9-a9a2-000d3a74c7de.jpg;c72ba95c-92d4-11e9-a9a2-000d3a74c7de;tinamus major;bol;1;26
c72ba95e-92d4-11e9-9211-000d3a74c7de.jpg;c72ba95e-92d4-11e9-9211-000d3a74c7de;cuniculus paca;bol;1;4
c72ba960-92d4-11e9-a764-000d3a74c7de.jpg;c72ba960-92d4-11e9-a764-000d3a74c7de;dasyprocta punctata;bol;1;3
c72ba962-92d4-11e9-84cd-000d3a74c7de.jpg;c72ba962-92d4-11e9-84cd-000d3a74c7de;tinamus major;bol;1;26
c72bd0b8-92d4-11e9-971d-000d3a74c7de.jpg;c72bd0b8-92d4-11e9-971d-000d3a74c7de;dasyprocta punctata;bol;1;3
c72bd0ba-92d4-11e9-8479-000d3a74c7de.jpg;c72bd0ba-92d4-11e9-8479-000d3a74c7de;dasyprocta punctata;bol;1;3
c72bd0bc-92d4-11e9-932f-000d3a74c7de.jpg;c72bd0bc-92d4-11e9-932f-000d3a74c7de;dasyprocta punctata;bol;1;3
c72bd0be-92d4-11e9-8320-000d3a74c7de.jpg;c72bd0be-92d4-11e9-8320-000d3a74c7de;tinamus major;bol;1;26
c72c6c78-92d4-11e9-af32-000d3a74c7de.jpg;c72c6c78-92d4-11e9-af32-000d3a74c7de;tinamus major;bol;1;26
c72c93b6-92d4-11e9-a5de-000d3a74c7de.jpg;c72c93b6-92d4-11e9-a5de-000d3a74c7de;tinamus major;bol;1;26
c72c93b8-92d4-11e9-b78c-000d3a74c7de.jpg;c72c93b8-92d4-11e9-b78c-000d3a74c7de;tinamus major;bol;1;26
c72c93ba-92d4-11e9-bd1d-000d3a74c7de.jpg;c72c93ba-92d4-11e9-bd1d-000d3a74c7de;tayassu pecari;bol;1;2
c72cbad4-92d4-11e9-9be3-000d3a74c7de.jpg;c72cbad4-92d4-11e9-9be3-000d3a74c7de;leopardus pardalis;bol;1;10
c72cbad6-92d4-11e9-9206-000d3a74c7de.jpg;c72cbad6-92d4-11e9-9206-000d3a74c7de;mazama americana;bol;1;9
c72cbad8-92d4-11e9-8a5f-000d3a74c7de.jpg;c72cbad8-92d4-11e9-8a5f-000d3a74c7de;leopardus pardalis;bol;1;10
c72ce1d8-92d4-11e9-95ad-000d3a74c7de.jpg;c72ce1d8-92d4-11e9-95ad-000d3a74c7de;leopardus pardalis;bol;1;10
c72ce1da-92d4-11e9-8632-000d3a74c7de.jpg;c72ce1da-92d4-11e9-8632-000d3a74c7de;procyon cancrivorus;bol;1;20
c72ce1dc-92d4-11e9-ae9a-000d3a74c7de.jpg;c72ce1dc-92d4-11e9-ae9a-000d3a74c7de;mitu tuberosum;bol;1;11
c72ce1de-92d4-11e9-b88b-000d3a74c7de.jpg;c72ce1de-92d4-11e9-b88b-000d3a74c7de;procyon cancrivorus;bol;1;20
c72d08d1-92d4-11e9-b16a-000d3a74c7de.jpg;c72d08d1-92d4-11e9-b16a-000d3a74c7de;procyon cancrivorus;bol;1;20
c72d08d3-92d4-11e9-8257-000d3a74c7de.jpg;c72d08d3-92d4-11e9-8257-000d3a74c7de;procyon cancrivorus;bol;1;20
c72d08d5-92d4-11e9-bd77-000d3a74c7de.jpg;c72d08d5-92d4-11e9-bd77-000d3a74c7de;procyon cancrivorus;bol;1;20
c72d2fee-92d4-11e9-8c21-000d3a74c7de.jpg;c72d2fee-92d4-11e9-8c21-000d3a74c7de;procyon cancrivorus;bol;1;20
c72d2ff0-92d4-11e9-9727-000d3a74c7de.jpg;c72d2ff0-92d4-11e9-9727-000d3a74c7de;dasyprocta punctata;bol;1;3
c72d2ff2-92d4-11e9-8791-000d3a74c7de.jpg;c72d2ff2-92d4-11e9-8791-000d3a74c7de;leptotila sp;bol;1;23
c72d574a-92d4-11e9-b7e2-000d3a74c7de.jpg;c72d574a-92d4-11e9-b7e2-000d3a74c7de;procyon cancrivorus;bol;1;20
c72d574c-92d4-11e9-be3b-000d3a74c7de.jpg;c72d574c-92d4-11e9-be3b-000d3a74c7de;procyon cancrivorus;bol;1;20
c72d574e-92d4-11e9-b5fe-000d3a74c7de.jpg;c72d574e-92d4-11e9-b5fe-000d3a74c7de;procyon cancrivorus;bol;1;20
c72d5750-92d4-11e9-8bc9-000d3a74c7de.jpg;c72d5750-92d4-11e9-8bc9-000d3a74c7de;cochlearius cochlearius;bol;1;41
c72d7e47-92d4-11e9-a3ee-000d3a74c7de.jpg;c72d7e47-92d4-11e9-a3ee-000d3a74c7de;cochlearius cochlearius;bol;1;41
c72d7e49-92d4-11e9-bef9-000d3a74c7de.jpg;c72d7e49-92d4-11e9-bef9-000d3a74c7de;agamia agami;bol;1;39
c72d7e4b-92d4-11e9-9ea9-000d3a74c7de.jpg;c72d7e4b-92d4-11e9-9ea9-000d3a74c7de;procyon cancrivorus;bol;1;20
c72da524-92d4-11e9-8deb-000d3a74c7de.jpg;c72da524-92d4-11e9-8deb-000d3a74c7de;leptotila sp;bol;1;23
c72da526-92d4-11e9-a625-000d3a74c7de.jpg;c72da526-92d4-11e9-a625-000d3a74c7de;tapirus terrestris;bol;1;7
c72da528-92d4-11e9-843a-000d3a74c7de.jpg;c72da528-92d4-11e9-843a-000d3a74c7de;dasyprocta punctata;bol;1;3
